,ticker,sector,industry,price,eps_ttm,pe_ttm,roa_ttm,roe_ttm,debt_equity_ratio_mrq,revenue_ttm,ma_200,ma_50,current_ratio_mrq,div_yield_ttm,div_yield_5y_avg,high_52,low_52,growth_est_f5y,growth_est_p5y,growth_est_f1y,predicted_intrinsic_value,predicted_premium_percent,size_filter,pe_filter,div_filter,strong_div_filter,div_above_5y_avg_filter,current_ratio_mrq_filter,roa_ttm_filter
0,aap,Consumer Cyclical,Specialty Retail,147.27,5.5,26.69,0.034,0.10949999999999999,118.24,9450000000.0,128.95,142.45,1.36,0.29,0.18,171.43,71.33,0.075,-0.0323,0.295,63.23009093698697,132.91125762694924,True,True,True,False,True,True,False
0,aapl,Technology,Consumer Electronics,370.46,12.73,29.8,0.12380000000000001,0.6209,151.43,267980000000.00003,311.93,366.21,1.5,0.83,1.57,399.82,192.58,0.1151,0.0842,0.205,271.6154247187206,36.39137040307663,True,True,True,False,False,True,True
0,abbv,Healthcare,Drug Manufacturers—General,97.11,5.65,17.2,0.11800000000000001,,,34060000000.000004,88.03,97.23,3.14,4.63,3.96,101.28,62.55,0.1192,0.2191,0.151,72.6484969007232,33.6710381395837,True,True,True,True,True,True,True
0,abc,Healthcare,Medical Distribution,103.76,7.59,13.71,0.0286,0.4722,126.07,186160000000.0,91.64,100.0,0.97,1.56,1.68,105.08,72.06,0.08199999999999999,0.087,0.09699999999999999,49.69433842685833,108.79642084926272,True,True,True,False,False,False,False
0,abmd,Healthcare,Medical Devices,292.94,4.43,67.41,0.1369,0.2028,1.15,840880000.0,195.27,261.25,4.82,,,301.11,119.01,0.24,0.6037,0.424,570.356400786227,-48.63913167342613,False,False,False,False,False,True,True
0,abt,Healthcare,Medical Devices,98.95,1.73,57.76,,,60.05,31440000000.0,88.04,92.85,,1.41,1.94,101.98,61.61,0.1153,0.0815,0.201,71.69843948860591,38.00858248208432,True,False,True,False,False,False,False
0,acn,Technology,Information Technology Services,221.44,7.64,29.22,0.1293,0.3282,21.31,44550000000.0,193.83,212.97,1.37,1.45,1.74,225.74,137.15,0.0748,0.1091,0.057999999999999996,95.86347947979013,130.99516228876692,True,True,True,False,False,True,True
0,adbe,Technology,Software—Infrastructure,430.31,7.58,57.67,0.1144,0.3555,43.17,12050000000.0,368.05,430.86,1.29,,,470.61,255.13,0.15,0.45880000000000004,0.13699999999999998,437.13860000000005,-1.5621132519525904,True,False,False,False,False,True,True
0,adi,Technology,Semiconductors,112.21,2.99,38.72,0.0429,0.0953,53.08,5540000000.0,110.34,119.66,1.3,2.07,2.22,127.39,79.08,0.0819,0.21280000000000002,0.177,55.20999180378996,103.24219644658088,True,True,True,False,False,True,False
0,adm,Consumer Defensive,Farm Products,42.09,2.72,15.49,0.022099999999999998,0.0808,70.82,64319999999.99999,39.01,40.22,1.51,3.35,3.01,47.2,28.92,-0.08800000000000001,0.009300000000000001,0.175,-15.37575479851637,-373.7426588258375,True,True,True,False,True,True,False
0,adp,,,145.43,5.83,25.01,0.044000000000000004,0.47130000000000005,44.88,14760000000.0,150.88,148.68,1.03,2.34,2.1,182.32,103.11,0.122,0.1637,-0.01,112.18417857664467,29.635035746722217,True,True,True,False,True,False,False
0,adsk,Technology,Software—Application,232.88,1.36,175.73,0.056799999999999996,,,3420000000.0,196.33,236.92,0.79,,,251.39,125.38,0.3298,0.08689999999999999,0.418,746.3705033952938,-68.79833823273938,True,False,False,False,False,False,False
0,aee,Utilities,Utilities—Regulated Electric,79.52,3.16,25.01,0.028900000000000002,0.09820000000000001,125.81,5540000000.0,75.89,73.9,0.62,2.44,3.03,87.66,58.74,0.058499999999999996,0.0824,0.09,25.69251196001228,209.506521292136,True,True,True,False,False,False,False
0,aep,Utilities,Utilities—Regulated Electric,88.05,3.72,22.38,0.023799999999999998,0.09369999999999999,166.04,15250000000.0,87.46,83.35,0.45,3.11,3.34,104.97,65.14,0.0582,0.0658,0.08199999999999999,26.910129015404873,227.20021501790356,True,True,True,False,False,False,False
0,aes,Utilities,Utilities—Diversified,15.4,0.44,34.58,0.0382,0.0902,441.49,9880000000.0,15.27,14.24,1.06,3.59,3.71,21.23,8.11,0.0735,0.0248,0.11599999999999999,6.403490651456165,140.49383122778534,True,True,True,False,False,False,False
0,afl,Financial Services,Insurance—Life,36.77,3.98,9.15,0.0174,0.11220000000000001,36.84,21810000000.0,39.81,36.37,0.47,2.96,2.29,55.07,23.07,0.016,0.09970000000000001,0.025,2.9743113202807563,1136.2525654015649,True,True,True,False,True,False,False
0,aig,Financial Services,Insurance—Diversified,31.31,4.96,6.22,0.010700000000000001,0.0781,59.36,51760000000.0,34.26,31.77,0.71,4.09,2.32,58.66,16.07,0.045599999999999995,0.0014000000000000002,0.785,7.618976752573381,310.94757231572794,True,True,True,True,True,False,False
0,aiv,Real Estate,REIT—Residential,35.65,1.35,26.59,0.014199999999999999,0.11410000000000001,253.22,909520000.0,41.62,38.14,1.07,4.49,3.23,55.68,24.53,0.071,-0.1848,5.0,14.5209857468571,145.50674879435115,False,True,True,True,True,False,False
0,aiz,Financial Services,Insurance—Specialty,106.79,5.71,18.5,0.0092,0.0689,70.95,10050000000.0,111.29,104.53,0.6,2.3,2.11,142.61,76.27,0.19399999999999998,0.08779999999999999,0.162,149.0202755831924,-28.33861058028766,True,True,True,False,True,False,False
0,ajg,Financial Services,Insurance Brokers,103.93,3.56,29.06,0.024900000000000002,0.1435,105.59,6830000000.0,93.08,98.95,1.07,1.67,2.54,109.46,65.09,0.0901,0.1069,0.062,55.16905191227235,88.38460404442945,True,True,True,False,False,False,False
0,akam,Technology,Software—Infrastructure,111.74,3.0,38.22,0.060899999999999996,0.1421,72.74,2950000000.0,98.89,107.3,3.2,,,116.39,75.18,0.1127,0.12789999999999999,0.085,80.0014721890867,39.67242969716609,True,True,False,False,False,True,False
0,alb,Basic Materials,Specialty Chemicals,87.04,4.77,17.98,0.0516,0.1458,81.25,3500000000.0,73.61,80.51,1.81,1.71,1.65,99.4,48.89,0.15,0.0931,0.26,85.76459999999999,1.4870937426397557,True,True,True,False,True,True,False
0,algn,Healthcare,Medical Devices,298.14,21.47,14.38,0.0527,0.8065000000000001,1.78,2160000000.0,238.04,278.84,1.22,,,326.36,127.88,0.129,0.3256,1.516,254.68722739348468,17.061229591769834,True,True,False,False,False,True,False
0,alk,Industrials,Airlines,35.06,0.46,73.76,-0.004,0.0146,110.98,6670000000.0,41.63,37.21,0.79,3.07,1.84,72.22,20.02,-0.0924,-0.09609999999999999,1.2790000000000001,-12.887807346069588,-372.04006902455984,True,False,True,False,True,False,False
0,all,Financial Services,Insurance—Property & Casualty,94.36,11.92,7.78,0.0301,0.1725,27.44,43760000000.0,101.48,94.66,0.51,2.16,1.82,125.92,64.13,0.0554,0.1605,0.035,28.37442616229547,232.55298084367092,True,True,True,False,True,False,False
0,alle,Industrials,Security & Protection Services,101.02,3.07,33.05,0.12,0.4266,221.09,2730000000.0,107.93,103.9,2.11,1.17,0.8,139.24,77.37,-0.004,0.1433,0.064,-1.9904942306751776,-5175.121466980284,True,True,True,False,True,True,True
0,alxn,Healthcare,Biotechnology,101.49,10.59,10.09,0.0926,0.2213,24.24,5300000000.0,102.83,111.51,4.35,,,125.52,72.67,0.126,0.177,0.076,85.5849640940984,18.58391374495927,True,True,False,False,False,True,False
0,amat,Technology,Semiconductor Equipment & Materials,60.62,3.14,20.09,0.11320000000000001,0.3386,78.22,15430000000.0,56.32,60.89,2.67,1.4,1.5,69.44,36.64,0.2084,0.36829999999999996,0.131,98.34160595106042,-38.3577282333914,True,True,True,False,False,True,True
0,amcr,Consumer Cyclical,Packaging & Containers,10.67,0.31,34.57,,,147.22,11930000000.0,9.57,10.35,1.23,4.4,,11.2,5.8,,,,,,True,True,True,True,False,True,False
0,amd,Technology,Semiconductors,69.4,0.43,161.9,0.0892,0.20190000000000002,23.02,7250000000.0,51.4,54.94,2.21,,,71.63,27.43,0.325,0.3981,0.485,212.28373000966107,-67.30790438021718,True,False,False,False,False,True,False
0,ame,Industrials,Specialty Industrial Machinery,92.9,4.08,22.8,0.0729,0.1917,64.34,5070000000.0,86.94,89.98,1.88,0.65,0.66,102.31,54.82,-0.012,0.114,0.129,-5.387891973763266,-1824.2365001448313,True,True,True,False,False,True,False
0,amgn,Healthcare,Drug Manufacturers—General,247.98,12.77,19.86,0.0955,0.7555,335.77,23970000000.0,226.59,241.62,1.59,2.4,2.53,264.97,174.27,0.0653,0.1084,0.08199999999999999,93.28866715051753,165.82006965529285,True,True,True,False,False,True,False
0,amp,Financial Services,Asset Management,155.26,26.57,5.89,0.0206,0.5638000000000001,77.07,12760000000.0,138.64,150.56,2.68,2.5,2.55,180.85,80.01,0.11560000000000001,0.16390000000000002,0.11699999999999999,112.64989487038572,37.825250683670134,True,True,True,False,False,True,False
0,amt,Real Estate,REIT—Specialty,256.33,4.28,60.82,0.046900000000000004,0.3475,677.2,7760000000.0,243.19,260.48,0.49,1.54,1.79,269.73,174.32,0.1505,0.2352,0.179,261.4360051748908,-1.953061198083672,True,False,True,False,False,False,False
0,anet,Technology,Computer Hardware,236.81,9.89,24.85,0.1298,0.3038,2.76,2340000000.0,213.34,219.81,5.82,,,279.24,156.63,0.0767,0.47450000000000003,0.139,108.62803875423856,118.00080597585114,True,True,False,False,False,True,True
0,anss,Technology,Software—Application,293.51,4.76,63.09,0.0725,0.1376,16.68,1500000000.0,267.04,292.28,2.4,,,310.05,186.81,0.071,0.15,0.16,121.48187138193028,141.60806601112165,True,False,False,False,False,True,False
0,antm,Healthcare,Healthcare Plans,270.49,18.47,14.29,0.0548,0.1549,72.91,109170000000.0,267.83,266.54,1.53,1.24,1.4,309.1,171.03,0.1477,0.1565,0.131,258.70816752017726,4.554101477644257,True,True,True,False,False,True,False
0,aon,Financial Services,Insurance Brokers,207.17,6.9,30.01,0.0575,0.41619999999999996,285.12,11090000000.0,195.51,194.41,1.01,0.85,1.04,238.19,143.93,0.0908,0.0791,0.10099999999999999,111.43760262560498,85.90672727950323,True,True,True,False,False,False,False
0,aos,Industrials,Specialty Industrial Machinery,51.31,2.01,26.24,0.0851,0.1975,24.2,2880000000.0,43.76,48.29,2.06,1.79,1.32,53.14,33.81,0.08,0.1491,0.26,24.475516131946566,109.63807146451892,True,True,True,False,True,True,False
0,apd,Basic Materials,Chemicals,291.52,8.56,34.45,0.06309999999999999,0.16579999999999998,71.45,8820000000.0,234.12,257.78,3.48,1.72,2.34,299.82,167.43,0.1033,0.048,0.168,185.09907950079457,57.49403010874972,True,True,True,False,False,True,False
0,aph,Technology,Electronic Components,104.39,3.59,29.57,0.0866,0.2459,78.46,8100000000.0,92.53,98.1,2.59,0.96,0.92,110.24,63.05,0.03,0.1284,0.195,16.718076088832966,524.413954364812,True,True,True,False,True,True,False
0,aptv,Consumer Cyclical,Auto Parts,82.25,9.06,9.22,0.0556,0.5305,128.57,14010000000.0,73.59,78.26,1.69,1.07,1.28,99.04,29.22,0.068,-0.0015,2.842,32.170206932885414,155.67134265437818,True,True,True,False,False,True,False
0,are,Real Estate,REIT—Office,168.55,2.12,80.17,0.015700000000000002,0.030899999999999997,69.62,1620000000.0,155.74,164.04,3.24,2.41,2.89,175.74,109.22,0.001,0.2335,0.386,0.8419412201526089,19919.21226394509,True,False,True,False,False,True,False
0,ato,Utilities,Utilities—Regulated Gas,103.0,4.62,22.22,0.0363,0.0943,75.5,2780000000.0,104.61,100.71,0.89,2.14,2.17,121.08,77.92,0.07150000000000001,0.08410000000000001,0.075,41.861132291252645,146.0516339676818,True,True,True,False,False,False,False
0,atvi,Communication Services,Electronic Gaming & Multimedia,79.99,2.02,40.39,0.0583,0.1268,20.54,6450000000.0,66.64,76.98,2.78,0.51,0.62,82.67,44.91,0.21170000000000003,0.1189,0.094,130.0437636023957,-38.48993770699636,True,True,True,False,False,True,False
0,avb,Real Estate,REIT—Residential,146.85,5.59,26.04,0.027200000000000002,0.0724,75.82,2370000000.0,175.35,156.87,1.68,4.19,3.08,229.4,118.17,0.0254,0.023799999999999998,0.009000000000000001,19.23143835047435,663.5934313585957,True,True,True,True,True,True,False
0,avgo,Technology,Semiconductors,305.79,5.57,56.14,0.031200000000000002,0.10880000000000001,194.04,22890000000.0,283.74,312.08,2.15,4.06,2.24,331.58,155.67,0.1305,0.3056,0.11699999999999999,261.73251721976993,16.833018399175902,True,False,True,True,True,True,False
0,avy,Industrials,Business Equipment & Supplies,120.41,6.88,16.83,0.0895,0.5401,240.35,7050000000.0,115.88,116.25,1.14,1.93,1.96,141.09,76.96,0.0789,0.1769,0.133,52.87847454915344,127.7108048721646,True,True,True,False,False,False,False
0,awk,Utilities,Utilities—Regulated Water,144.52,3.49,41.36,0.0342,0.1038,166.91,3640000000.0,128.18,131.9,0.65,1.38,1.88,145.97,92.0,0.083,0.0874,0.102,69.91392862517847,106.71131324174117,True,True,True,False,False,False,False
0,axp,Financial Services,Credit Services,95.33,4.86,19.7,0.021099999999999997,0.18469999999999998,242.86,34259999999.999996,102.2,98.04,1.63,1.8,1.52,138.13,67.0,0.11699999999999999,0.09949999999999999,1.5290000000000001,69.94602255366706,36.290808997547686,True,True,True,False,True,True,False
0,bac,Financial Services,Banks—Diversified,24.35,2.08,11.62,0.0079,0.0756,,76580000000.0,26.11,24.44,,2.96,1.64,35.72,17.95,0.0236,0.2345,0.335,2.9562674985052704,723.6737714808182,True,True,True,False,True,False,False
0,bax,Healthcare,Medical Instruments & Supplies,89.26,1.91,46.8,0.0719,0.1301,93.71,11530000000.0,86.75,85.84,2.74,0.99,1.48,95.19,69.1,0.0967,-0.0479,0.152,51.83705828452011,72.19341327217126,True,True,True,False,False,True,False
0,bby,Consumer Cyclical,Specialty Retail,96.99,5.41,18.11,0.0808,0.4243,155.51,43060000000.0,78.57,85.92,1.02,2.17,2.54,99.42,48.11,0.062,0.24230000000000002,0.13699999999999998,33.9932070374692,185.3217111674466,True,True,True,False,False,False,False
0,ben,Financial Services,Asset Management,20.6,1.96,10.74,0.0672,0.08710000000000001,9.18,5680000000.0,20.72,21.34,4.91,5.15,2.61,34.96,14.91,-0.0519,-0.042800000000000005,0.135,-4.868938059093931,-523.0902046807614,True,True,True,True,True,True,False
0,biib,Healthcare,Drug Manufacturers—General,272.33,34.04,8.41,0.18309999999999998,0.4938,69.43,14490000000.0,299.25,275.71,2.46,,,374.99,215.78,-0.022400000000000003,0.1689,-0.09300000000000001,-30.314070812944724,-998.3616937508424,True,True,False,False,False,True,True
0,bk,Financial Services,Asset Management,36.23,4.64,7.7,0.010700000000000001,0.10300000000000001,,16469999999.999998,38.61,38.04,,3.42,2.0,51.6,26.4,0.0304,0.1157,0.013000000000000001,5.706224314445126,534.9207112010108,True,True,True,False,True,False,False
0,bkr,Energy,Oil & Gas Equipment & Services,16.37,,0.0,0.0161,-0.6206,43.84,22390000000.0,16.23,15.8,1.47,,,25.99,9.12,0.024700000000000003,-0.33030000000000004,1.143,,,True,False,False,False,False,True,False
0,bll,Consumer Cyclical,Packaging & Containers,73.16,1.4,53.42,0.0452,0.1392,305.59,11470000000.0,69.33,70.95,1.06,0.82,0.79,82.82,51.26,0.1032,0.0783,0.16899999999999998,46.88847730609253,56.029805622401454,True,False,True,False,True,False,False
0,bmy,Healthcare,Drug Manufacturers—General,57.85,0.51,113.16,0.0582,0.03,95.1,31010000000.0,60.19,58.49,1.66,2.97,2.74,68.34,44.0,0.2195,0.2158,0.19699999999999998,96.84674145625144,-40.266446624709026,True,False,True,False,True,True,False
0,br,Technology,Information Technology Services,131.28,3.55,37.69,0.0832,0.3372,200.13,4380000000.0,116.31,126.45,1.08,1.6,1.7,134.3,81.9,0.1,0.2469,0.092,80.76862828939962,62.53835527528662,True,True,True,False,False,False,False
0,bsx,Healthcare,Medical Devices,38.6,3.04,12.62,0.0374,0.3722,76.82,10790000000.0,37.08,36.06,1.21,,,46.62,24.1,0.071,0.14550000000000002,0.74,15.519471647125018,148.71980746297285,True,True,False,False,False,True,False
0,bwa,Consumer Cyclical,Auto Parts,38.36,3.47,11.23,0.0732,0.165,40.09,9880000000.0,31.59,35.42,1.76,1.77,1.53,46.6,17.0,0.0274,0.0897,0.745,5.575985574980443,587.9501297873164,True,True,True,False,True,True,False
0,bxp,Real Estate,REIT—Office,90.67,5.87,15.28,0.0311,0.1324,148.31,2950000000.0,106.27,92.62,4.09,4.26,2.54,147.83,71.57,0.07,0.0793,-0.496,35.70085263542321,153.9715253468068,True,True,True,True,True,True,False
0,c,Financial Services,Banks—Diversified,51.67,5.86,8.75,0.006500000000000001,0.0707,,59090000000.0,55.63,52.13,,3.95,1.63,83.11,32.0,-0.0326,0.2609,0.865,-7.742439519819463,-767.3607183851122,True,True,True,False,True,False,False
0,cag,Consumer Defensive,Packaged Foods,36.61,1.72,21.49,0.0509,0.1092,125.75,11050000000.0,32.26,34.91,0.88,2.32,2.56,37.2,22.83,,,,,,True,True,True,False,False,False,False
0,carr,Industrials,Building Products & Equipment,26.58,,0.0,,,395.08,18170000000.0,19.27,23.62,1.34,,,27.63,11.5,,,,,,True,False,False,False,False,True,False
0,cat,Industrials,Farm & Heavy Construction Machinery,137.58,9.46,14.78,0.060899999999999996,0.3569,260.79,50970000000.0,123.38,129.83,1.42,2.99,3.04,150.55,87.5,-0.0692,0.2648,0.433,-41.65630127833991,-430.2741620786618,True,True,True,False,False,True,False
0,cboe,Financial Services,Financial Data & Stock Exchanges,89.46,4.55,19.23,0.0827,0.1311,30.39,2820000000.0,103.1,95.44,1.76,1.21,1.2,127.93,72.01,0.028999999999999998,0.2147,-0.036000000000000004,13.293511896951633,572.9598671402572,True,True,True,False,True,True,False
0,cci,Real Estate,REIT—Specialty,166.7,1.77,95.16,0.026000000000000002,0.0779,242.68,5780000000.0,157.44,168.22,0.47,2.79,3.6,180.0,114.18,0.1949,0.0541,0.284,239.13576360865684,-30.29064432503589,True,False,True,False,False,False,False
0,cdns,Technology,Software—Application,102.59,3.64,28.95,0.1005,0.5513,30.86,2440000000.0,79.74,96.5,1.42,,,106.54,51.39,0.13699999999999998,0.1888,0.079,93.79738874234005,9.374046949018089,True,True,False,False,False,True,True
0,ce,Basic Materials,Chemicals,92.43,5.99,15.9,0.059800000000000006,0.2397,155.15,6070000000.0,89.86,88.94,1.48,2.68,1.95,128.88,52.7,0.046,0.1531,0.33,23.745898520955848,289.24616778948234,True,True,True,False,True,True,False
0,cern,Healthcare,Health Information Services,71.79,1.61,45.11,0.0644,0.11349999999999999,39.3,5710000000.0,69.88,70.2,1.93,1.0,,80.9,53.08,0.1321,0.0687,0.166,61.73054263397391,16.295753992756556,True,True,True,False,False,True,False
0,cf,Basic Materials,Agricultural Inputs,30.58,2.15,14.61,0.045700000000000005,0.1118,87.9,4560000000.0,31.86,29.48,1.2,3.92,3.33,55.15,19.73,-0.0766,-0.175,0.222,-10.207444241984334,-399.585275952046,True,True,True,False,True,False,False
0,cfg,Financial Services,Banks—Regional,25.58,2.52,9.85,0.0069,0.053399999999999996,,5410000000.0,26.8,25.29,,5.86,2.52,41.29,14.12,-0.026600000000000002,0.2743,0.7859999999999999,-3.095153190110171,-926.4534395820805,True,True,True,True,True,False,False
0,chd,Consumer Defensive,Household & Personal Products,85.87,2.66,32.78,0.0819,0.252,104.61,4480000000.0,73.28,79.24,1.03,1.07,1.43,87.5,47.98,0.0851,0.1093,0.07,43.482832659635115,97.48023472194964,True,True,True,False,False,False,False
0,chrw,Industrials,Integrated Freight & Logistics,86.07,3.6,24.35,0.08839999999999999,0.3045,111.54,15360000000.0,74.7,80.99,1.44,2.35,2.32,91.23,56.94,0.0525,0.0864,0.3,25.27009301443923,240.60025006959785,True,True,True,False,True,True,False
0,chtr,Communication Services,Entertainment,561.72,8.23,68.07,0.029500000000000002,0.0533,220.45,46300000000.0,504.06,534.04,0.44,,,571.6,345.67,0.47759999999999997,-0.008100000000000001,0.615,3347.6092614027853,-83.22026389171188,True,False,False,False,False,False,False
0,ci,Healthcare,Healthcare Plans,181.02,13.03,13.47,0.0356,0.1127,82.22,154170000000.0,189.92,187.06,0.76,0.02,0.02,224.64,118.5,0.1125,0.1814,0.109,122.19514314463215,48.14009406719366,True,True,True,False,False,False,False
0,cinf,Financial Services,Insurance—Property & Casualty,83.23,0.47,176.93,0.0022,0.0091,11.94,5670000000.0,80.69,68.33,1.11,2.74,2.68,118.19,46.07,-0.049800000000000004,0.024300000000000002,0.165,-18.533472576724883,-549.0793598201545,True,False,True,False,True,False,False
0,cl,Consumer Defensive,Household & Personal Products,74.32,2.93,25.48,0.16390000000000002,,,15910000000.0,71.28,73.57,0.96,2.31,2.33,77.41,58.49,0.041299999999999996,0.0022,0.055,16.55561481535694,348.9111448223655,True,True,True,False,False,False,True
0,clx,Consumer Defensive,Household & Personal Products,227.04,6.82,33.63,0.1328,1.1789,472.23,6370000000.0,189.16,218.69,0.98,1.87,2.47,232.21,144.12,0.0552,0.0855,0.053,69.89374737036115,224.83592387303818,True,True,True,False,False,False,True
0,cmcsa,Communication Services,Entertainment,43.35,2.52,17.29,0.0501,0.1478,129.39,108690000000.0,40.07,40.41,0.87,1.98,1.77,47.74,31.71,0.06280000000000001,0.16899999999999998,0.253,15.336755635916477,182.6543046593279,True,True,True,False,True,False,False
0,cme,Financial Services,Financial Data & Stock Exchanges,168.75,6.66,25.15,0.0178,0.0904,15.69,5200000000.0,185.78,171.02,1.01,1.84,1.83,225.36,131.8,0.0472,0.1661,-0.004,42.953866538420485,292.86335224108404,True,True,True,False,True,False,False
0,cmi,Industrials,Specialty Industrial Machinery,188.24,13.68,13.96,0.07490000000000001,0.254,47.83,22580000000.0,159.93,175.97,1.4,2.69,2.96,192.31,101.03,-0.0501,0.1483,0.401,-42.79343263853856,-539.8805807190058,True,True,True,False,False,True,False
0,cms,Utilities,Utilities—Regulated Electric,63.53,2.49,25.29,0.0322,0.1407,274.55,6650000000.0,60.86,59.67,0.96,2.45,2.81,69.17,46.03,0.0708,0.0718,0.08,25.391816616091532,150.19871937693185,True,True,True,False,False,False,False
0,cog,Energy,Oil & Gas E&P,19.04,1.14,15.76,0.08529999999999999,0.2104,57.91,1720000000.0,17.67,18.41,1.4,2.0,0.91,22.67,13.06,0.2618,0.33270000000000005,2.0,39.056388041759035,-51.24997227177674,True,True,True,False,True,True,False
0,coo,Healthcare,Medical Instruments & Supplies,283.58,6.87,41.69,0.043,0.09570000000000001,60.13,2540000000.0,307.61,289.97,1.14,0.02,0.03,365.68,236.68,0.1,0.1311,0.42100000000000004,172.8927765720756,64.02073332530527,True,True,True,False,False,False,False
0,cop,Energy,Oil & Gas E&P,40.28,3.27,12.17,0.053899999999999997,0.115,47.7,30400000000.0,44.26,42.24,2.16,3.59,2.98,67.13,20.84,,,,,,True,True,True,False,True,True,False
0,cost,Consumer Defensive,Discount Stores,325.78,8.36,39.19,0.0682,0.2351,72.73,160880000000.0,306.49,311.42,1.11,0.81,1.0,331.49,262.71,0.0703,0.11800000000000001,0.1,131.04363464068223,148.60421560595375,True,True,True,False,False,False,False
0,cpb,Consumer Defensive,Packaged Foods,49.4,5.05,9.81,0.0584,0.26239999999999997,269.2,8359999999.999999,49.01,49.29,0.84,2.83,2.88,57.54,40.61,0.08070000000000001,-0.0147,-0.024,23.223200894826718,112.71830797021836,True,True,True,False,False,False,False
0,cprt,Industrials,Specialty Business Services,89.52,2.88,31.68,0.1808,0.3528,22.63,2220000000.0,84.45,85.54,2.77,,,104.88,55.69,0.223,0.2823,0.13699999999999998,156.6204023788032,-42.842695689488586,True,True,False,False,False,True,True
0,crm,,,188.49,,0.0,,,,,172.68,187.52,,,,202.82,115.29,0.1832,0.4587,0.209,,,False,False,False,False,False,False,False
0,csx,Industrials,Railroads,71.34,3.72,19.23,0.0719,0.2369,139.66,10970000000.0,68.26,69.92,1.62,1.4,1.71,80.62,46.81,0.0365,0.2152,0.19699999999999998,13.885999312270581,413.75488645573597,True,True,True,False,False,True,False
0,ctas,,,302.6,8.11,36.79,0.0962,0.281,83.62,7090000000.0,249.17,273.87,2.61,0.84,1.0,311.02,154.33,0.09699999999999999,0.222,0.151,173.66667053224927,74.24183873197956,True,True,True,False,False,True,False
0,ctl,Communication Services,Telecom Services,10.09,1.13,8.61,0.0384,0.0902,273.43,22200000000.0,11.01,10.02,0.82,9.91,10.2,15.3,8.16,0.06,-0.1864,0.048,3.253744723244659,210.10422937968457,True,True,True,True,False,False,False
0,ctsh,Technology,Information Technology Services,61.8,3.19,19.86,0.1076,0.16260000000000002,32.03,16899999999.999998,56.71,57.03,2.9,1.33,,71.48,40.01,0.0291,0.1117,0.155,9.660526342248588,539.7166966951762,True,True,True,False,False,True,True
0,ctva,Basic Materials,Agricultural Inputs,28.52,-1.28,0.0,,0.0039000000000000003,10.84,14410000000.0,26.78,27.46,1.6,0.91,,32.78,20.38,,,,,,True,False,True,False,False,True,False
0,ctxs,Technology,Software—Application,142.49,5.94,23.92,0.1005,3.7261,,3200000000.0,135.03,148.12,0.85,0.98,,173.56,90.28,0.09369999999999999,0.09849999999999999,0.064,79.36463305929084,79.53840962579663,True,True,True,False,False,False,True
0,cvx,Energy,Oil & Gas Integrated,90.13,2.06,44.3,0.024900000000000002,0.025099999999999997,22.32,135380000000.0,92.4,89.97,1.01,5.39,4.19,125.27,51.6,0.055,0.134,9.64,27.697985055261928,225.40273171559653,True,True,True,True,True,False,False
0,d,Utilities,Utilities—Diversified,80.41,2.09,38.47,0.0313,0.0601,126.11,17210000000.0,80.41,80.22,0.63,4.59,4.1,90.89,57.79,0.0275,0.0337,0.10300000000000001,11.549145182840231,596.2420051613302,True,True,True,True,True,False,False
0,dd,Basic Materials,Chemicals,54.55,-0.86,0.0,0.0148,-0.0171,45.19,21320000000.0,47.84,53.22,1.22,2.42,3.17,73.8,28.33,,,,,,True,False,True,False,False,True,False
0,de,Industrials,Farm & Heavy Construction Machinery,175.35,8.81,19.97,0.0311,0.2357,426.4,36800000000.0,152.55,161.61,2.27,1.73,2.16,181.99,106.14,0.0226,0.1183,0.409,20.56630696848724,752.6081044529791,True,True,True,False,False,True,False
0,dfs,Financial Services,Credit Services,50.82,3.24,16.0,0.009300000000000001,0.0993,240.53,5860000000.0,53.04,51.32,1.35,3.46,2.12,91.96,23.25,0.006999999999999999,0.13699999999999998,3.063,1.8193177021451183,2693.354890137068,True,True,True,False,True,True,False
0,dhi,Consumer Cyclical,Residential Construction,63.75,5.07,13.12,0.0924,0.1869,41.26,18470000000.0,51.29,57.61,5.28,1.02,1.12,66.67,25.51,0.099,0.2482,0.036000000000000004,39.67350555087359,60.6865819262,True,True,True,False,False,True,False
0,dhr,Healthcare,Diagnostics & Research,195.27,4.68,42.5,0.0331,0.086,64.18,18890000000.0,160.86,180.1,2.2,0.36,0.57,203.0,119.6,0.13019999999999998,0.029300000000000003,0.17800000000000002,165.99948589479328,17.632894431828383,True,True,True,False,False,True,False
0,dis,Communication Services,Entertainment,117.61,2.97,39.17,0.0277,0.0501,57.28,78210000000.0,117.18,116.66,0.94,0.75,1.46,153.41,79.07,0.0075,0.052199999999999996,1.1909999999999998,4.3787593711292745,2585.920600603102,True,True,True,False,False,False,False
0,disca,Communication Services,Entertainment,21.15,2.51,8.31,0.0625,0.1989,141.25,11120000000.0,23.77,21.59,1.61,,,33.66,17.12,0.0256,0.17300000000000001,0.1,2.7785206939229057,661.1964181608805,True,True,False,False,False,True,False
0,disck,Communication Services,Entertainment,18.93,2.51,7.44,0.0625,0.1989,141.25,11120000000.0,21.91,19.44,1.61,,,31.2,15.43,,,,,,True,True,False,False,False,True,False
0,dish,Communication Services,Entertainment,33.36,2.05,16.27,0.0368,0.11359999999999999,116.79,12840000000.0,30.25,33.68,1.0,,,42.62,17.09,-0.1336,0.0199,0.016,-16.878833571668256,-297.6439891912673,True,True,False,False,False,False,False
0,dltr,Consumer Defensive,Discount Stores,95.6,3.39,28.16,0.0512,0.13140000000000002,159.85,24090000000.0,85.18,92.45,1.15,,,119.71,60.2,0.0696,0.1431,0.11699999999999999,37.74974695936666,153.2467306414069,True,True,False,False,False,False,False
0,dov,Industrials,Specialty Industrial Machinery,105.51,4.61,23.03,0.0689,0.2234,113.48,6760000000.0,98.61,98.71,1.32,1.86,2.2,120.26,62.95,0.0124,0.12480000000000001,0.14300000000000002,6.671941301371852,1481.3988048471822,True,True,True,False,False,True,False
0,dow,Basic Materials,Chemicals,42.61,-2.68,0.0,0.0292,-0.1217,151.68,39090000000.0,39.38,41.84,1.74,6.57,,56.25,21.95,,,,,,True,False,True,True,False,True,False
0,dpz,Consumer Cyclical,Restaurants,386.91,11.22,34.74,0.30260000000000004,,,3760000000.0,346.77,383.83,2.02,0.74,0.89,422.15,220.9,0.15259999999999999,0.30079999999999996,0.018000000000000002,398.5855138443259,-2.9292368735924335,True,True,True,False,False,True,True
0,dre,Real Estate,REIT—Industrial,37.26,1.1,34.23,0.0196,0.0839,62.59,946230000.0,34.42,35.89,1.99,2.47,2.84,38.88,25.19,0.06,0.0516,0.187,12.592195745257229,195.8975603125749,False,True,True,False,False,True,False
0,dte,Utilities,Utilities—Regulated Electric,114.57,5.89,19.35,0.026600000000000002,0.09609999999999999,155.99,12180000000.0,110.72,108.82,0.89,3.41,3.17,135.67,71.21,0.0584,0.0707,0.073,36.98046099611152,209.81225467158723,True,True,True,False,True,False,False
0,duk,Utilities,Utilities—Regulated Electric,82.79,5.06,16.07,0.023399999999999997,0.0768,136.92,24440000000.0,87.26,83.11,0.67,4.55,4.25,103.79,62.13,0.0381,0.0038,0.045,16.528834240753394,400.8822690947767,True,True,True,True,True,False,False
0,dva,Healthcare,Medical Care Facilities,87.33,6.26,14.14,0.0567,0.2408,347.44,11490000000.0,79.08,81.42,1.81,,,90.15,53.51,0.1005,0.0216,0.076,53.75394060699504,62.46250789032513,True,True,False,False,False,True,False
0,dxcm,Healthcare,Diagnostics & Research,421.75,1.59,266.14,0.059500000000000004,0.1845,126.1,1600000000.0,321.29,406.97,5.82,,,446.5,138.28,,,,,,True,False,False,False,False,True,False
0,ea,Communication Services,Electronic Gaming & Multimedia,135.24,10.3,13.22,0.09029999999999999,0.47509999999999997,16.35,5540000000.0,115.03,132.26,2.45,,,142.31,85.69,0.1233,0.09300000000000001,0.136,106.15557064435946,27.39793039507903,True,True,False,False,False,True,False
0,ebay,Consumer Cyclical,Internet Retail,55.12,5.72,10.0,0.0728,0.4813,434.75,10760000000.0,40.99,53.17,1.34,1.05,,61.06,26.02,0.12390000000000001,-0.0052,0.083,44.86378701086767,22.86078298884553,True,True,True,False,False,True,False
0,ecl,Basic Materials,Specialty Chemicals,210.06,5.29,40.08,0.069,0.18289999999999998,94.14,14980000000.0,192.6,204.86,1.51,0.89,1.09,231.36,124.6,0.0806,0.0655,0.185,99.24759486945132,111.6524841496759,True,True,True,False,False,True,False
0,ed,Utilities,Utilities—Regulated Electric,75.58,3.9,19.18,0.0281,0.0771,128.48,12290000000.0,80.88,73.57,0.8,3.95,3.56,95.1,62.03,0.0265,0.016200000000000003,0.066,10.333310494394958,631.4209714398542,True,True,True,False,True,False,False
0,efx,Industrials,Consulting Services,167.16,2.45,67.41,0.044000000000000004,0.1142,160.03,3720000000.0,149.5,169.06,1.27,0.93,1.17,181.76,103.01,0.026699999999999998,0.0669,0.062,22.99618140640965,626.9032934024779,True,False,True,False,False,True,False
0,eix,Utilities,Utilities—Regulated Electric,56.02,3.4,15.65,0.024900000000000002,0.08410000000000001,141.43,12310000000.0,61.98,56.66,0.79,4.46,3.23,78.93,43.63,0.013000000000000001,0.0095,0.036000000000000004,3.5098890737952293,1496.061836205718,True,True,True,True,True,False,False
0,el,Consumer Defensive,Household & Personal Products,191.75,3.54,54.41,0.1036,0.2926,203.3,15450000000.0,185.92,192.89,1.62,0.95,1.15,220.42,137.01,0.0542,0.1508,0.192,57.51775604266235,233.37531432515252,True,False,True,False,False,True,True
0,emn,Basic Materials,Chemicals,76.64,5.87,13.35,0.0489,0.1343,104.67,9130000000.0,64.33,71.75,1.66,3.34,2.72,83.99,34.44,0.026099999999999998,0.019799999999999998,0.17600000000000002,10.653515737638662,619.3869318579254,True,True,True,False,True,True,False
0,emr,Industrials,Specialty Industrial Machinery,63.36,3.51,18.09,0.0883,0.2713,108.45,17970000000.0,60.82,62.35,1.01,3.12,3.21,78.38,37.75,0.009000000000000001,0.019299999999999998,0.053,2.8765427158674655,2102.6441550996688,True,True,True,False,False,False,False
0,eog,Energy,Oil & Gas E&P,49.04,3.63,13.37,0.0482,0.102,25.82,16489999999.999998,54.25,50.47,1.51,2.52,0.96,89.54,27.0,-0.0556,0.5565,1.31,-11.937418716324459,-510.8090799641436,True,True,True,False,True,True,False
0,eqr,Real Estate,REIT—Residential,54.34,3.14,16.98,0.0274,0.113,80.59,2720000000.0,67.62,59.21,0.13,4.24,3.08,89.55,49.62,0.061,-0.07490000000000001,-0.146,18.164141503775802,199.16084935092738,True,True,True,True,True,False,False
0,es,Utilities,Utilities—Regulated Electric,89.48,2.86,30.98,0.0296,0.07490000000000001,117.12,8480000000.0,85.46,85.2,0.75,2.43,3.0,99.42,60.69,0.0622,0.044500000000000005,0.066,30.852898122967403,190.0213770627584,True,True,True,False,False,False,False
0,ess,Real Estate,REIT—Residential,214.12,9.62,22.1,0.030299999999999997,0.1043,101.94,1620000000.0,257.28,233.67,0.59,3.7,2.75,334.17,175.81,0.079,0.1956,-0.428,97.23226504357875,120.21496661014024,True,True,True,False,True,False,False
0,etfc,Financial Services,Capital Markets,51.77,3.46,15.31,0.0125,0.1202,20.7,2900000000.0,43.68,50.45,1.06,1.08,,57.3,25.76,-0.08109999999999999,0.3833,-0.098,-18.06242186173124,-386.61715685915203,True,True,True,False,False,False,False
0,etn,Industrials,Specialty Industrial Machinery,93.61,5.09,18.69,0.0527,0.1393,62.65,20870000000.0,87.09,89.34,1.75,3.06,3.37,105.78,56.42,0.0223,0.0617,0.28800000000000003,10.966431641901268,753.6049196014565,True,True,True,False,False,True,False
0,etr,Utilities,Utilities—Diversified,102.66,5.55,18.32,0.022400000000000003,0.1124,204.23,10700000000.0,106.18,97.65,0.66,3.58,4.19,135.55,75.19,0.062,0.018799999999999997,0.067,35.2772624752791,191.0089751775383,True,True,True,False,False,False,False
0,ew,Healthcare,Medical Devices,78.13,1.18,66.86,0.12990000000000002,0.2026,17.83,4320000000.0,71.4,70.96,3.08,,,82.55,51.51,0.1118,0.2579,0.212,54.50985978963284,43.331867485117684,True,False,False,False,False,True,True
0,exc,Utilities,Utilities—Diversified,37.8,2.68,14.02,0.0226,0.07139999999999999,115.63,33710000000.0,40.1,37.85,1.06,3.89,3.47,50.54,29.28,-0.036000000000000004,0.051100000000000007,-0.01,-6.2228372788908795,-707.4399555364437,True,True,True,False,True,False,False
0,exr,Real Estate,REIT—Industrial,95.4,3.32,28.76,0.0492,0.1677,198.58,1340000000.0,98.0,96.03,0.61,3.77,3.39,124.46,72.7,0.06,0.21559999999999999,0.01,31.93220048292421,198.75798898048163,True,True,True,False,True,False,False
0,fast,Industrials,Industrial Distribution,45.49,1.45,31.81,0.1766,0.3154,23.7,5530000000.0,37.66,42.96,4.13,2.07,2.63,46.54,26.72,0.0664,0.1186,0.068,17.29015160486333,163.09775090233848,True,True,True,False,False,True,True
0,fb,Communication Services,Internet Content & Information,230.71,7.29,32.04,0.134,0.21850000000000003,10.27,73360000000.0,206.64,236.2,4.6,,,250.15,137.1,0.1637,0.42119999999999996,0.33799999999999997,261.9080015679873,-11.911816890362847,True,True,False,False,False,True,True
0,fbhs,Consumer Cyclical,"Furnishings, Fixtures & Appliances",71.0,3.23,22.98,0.0767,0.1979,108.96,5840000000.0,58.89,64.32,1.54,1.27,1.31,74.39,33.9,0.023,0.1632,0.153,8.837341361860744,703.4090468250353,True,True,True,False,False,True,False
0,fdx,Industrials,Integrated Freight & Logistics,165.04,4.9,34.82,0.026699999999999998,0.0713,197.44,69220000000.0,135.86,148.91,1.58,1.58,1.05,176.25,88.69,0.0888,0.1414,0.19,89.44127151428376,84.52331592093157,True,True,True,False,True,True,False
0,ffiv,Technology,Software—Infrastructure,152.34,5.61,26.96,0.07629999999999999,0.1966,40.16,2310000000.0,130.23,142.33,1.12,,,156.36,79.78,0.033,0.1286,0.067,26.358486191105374,477.9542834724965,True,True,False,False,False,False,False
0,fis,Technology,Information Technology Services,143.7,0.31,461.22,0.0203,0.0058,41.28,11350000000.0,135.42,138.04,1.05,0.97,1.25,158.21,91.68,0.1213,0.17800000000000002,0.22699999999999998,109.22353151405727,31.565055632270543,True,False,True,False,False,False,False
0,fisv,Technology,Information Technology Services,100.63,1.79,56.6,0.0255,0.0593,65.49,12450000000.0,104.61,100.05,1.07,,,125.05,73.5,0.1721,0.1685,0.214,121.43314565545599,-17.131356964498845,True,False,False,False,False,False,False
0,fitb,Financial Services,Banks—Regional,19.54,1.95,9.95,0.008199999999999999,0.071,,6610000000.0,21.02,19.89,,5.22,2.76,31.64,11.1,-0.030899999999999997,0.1261,0.418,-2.7864198921502807,-801.2582724896131,True,True,True,True,True,False,False
0,flir,Technology,Scientific & Technical Instruments,40.97,0.92,45.16,0.0556,0.0695,51.47,1890000000.0,43.53,41.24,1.92,1.66,1.38,59.44,23.85,0.026000000000000002,0.1066,0.106,5.625502940202564,628.2904379483756,True,True,True,False,True,True,False
0,fls,Industrials,Specialty Industrial Machinery,30.32,1.49,20.63,0.049800000000000004,0.1201,91.96,3950000000.0,32.31,28.78,2.19,2.54,1.73,51.84,18.98,0.047599999999999996,-0.13419999999999999,0.042,7.9558677522327175,281.1023629885133,True,True,True,False,True,True,False
0,flt,Technology,Information Technology Services,258.08,9.69,26.67,0.0661,0.275,187.98,2690000000.0,255.17,257.75,0.93,,,329.85,168.51,0.0909,0.1834,0.175,139.26052500119863,85.32171984686879,True,True,False,False,False,False,False
0,fmc,Basic Materials,Agricultural Inputs,107.34,3.57,30.41,0.0672,0.2,146.94,4670000000.0,93.67,101.62,1.82,1.57,1.27,108.77,56.77,0.0971,0.18420000000000003,0.14,63.2680500489258,69.6590932026401,True,True,True,False,True,True,False
0,fox,Communication Services,Broadcasting,26.49,2.15,11.95,0.0823,0.1444,70.44,12400000000.0,28.72,26.9,3.79,2.6,,38.84,19.13,,,,,,True,True,True,False,False,True,False
0,foxa,Communication Services,Broadcasting,26.66,2.15,11.97,0.0823,0.1444,70.44,12400000000.0,29.15,27.06,3.79,2.59,,39.74,19.81,,,,,,True,True,True,False,False,True,False
0,frt,Real Estate,REIT—Retail,72.99,4.52,16.28,,,,,,,,,,,,0.067,0.057800000000000004,0.09,27.866777140535582,161.9247989528981,False,True,False,False,False,False,False
0,fti,Energy,Oil & Gas Equipment & Services,7.94,-12.73,0.0,0.028300000000000002,-0.7812,128.52,13630000000.0,10.43,7.7,1.14,6.55,,28.35,4.49,,,,,,True,False,True,True,False,False,False
0,ftnt,Technology,Software—Infrastructure,133.04,2.13,64.19,0.0727,0.46630000000000005,8.04,2260000000.0,119.07,136.13,1.32,,,151.95,70.2,0.19690000000000002,0.4739,0.16699999999999998,196.882281317094,-32.42662614939489,True,False,False,False,False,True,False
0,ftv,Technology,Scientific & Technical Instruments,71.0,1.61,44.74,0.044800000000000006,0.0855,86.64,7440000000.0,65.64,68.42,1.62,0.39,,80.61,37.31,0.0395,0.10830000000000001,0.18600000000000003,15.222463592465665,366.41596196782064,True,True,True,False,False,True,False
0,gild,Healthcare,Drug Manufacturers—General,73.64,3.9,19.13,0.0536,0.2229,108.65,22720000000.0,73.6,75.79,3.04,3.49,2.71,85.97,60.89,0.0097,-0.121,0.019,3.6478916635018424,1918.700301239437,True,True,True,False,True,True,False
0,gis,Consumer Defensive,Packaged Foods,64.23,3.56,18.0,0.064,0.263,156.49,17630000000.0,57.61,62.41,0.68,3.05,3.54,65.48,46.59,0.049,0.0286,0.027999999999999997,17.12096936321456,275.1539917944252,True,True,True,False,False,False,False
0,gl,Financial Services,Insurance—Life,80.37,6.83,11.65,,,27.68,4590000000.0,82.99,75.42,,0.86,0.79,111.43,56.74,0.051,0.12390000000000001,0.087,22.215785067762265,261.76979456209443,True,True,True,False,True,False,False
0,glw,Technology,Electronic Components,29.29,0.35,88.27,0.0207,0.0281,68.87,11080000000.0,24.58,27.22,2.18,2.8,2.43,34.25,17.44,0.048,0.049,0.546,8.069833390858026,262.9566879680739,True,False,True,False,True,True,False
0,gm,Consumer Cyclical,Auto Manufacturers,26.25,3.26,7.88,0.0169,0.1081,290.54,135070000000.0,26.88,26.3,1.07,5.79,4.36,41.9,14.33,-0.0383,0.0662,2.35,-4.505566387624691,-682.6126560270006,True,True,True,True,True,False,False
0,gpc,Consumer Cyclical,Specialty Retail,88.64,4.09,21.87,0.0471,0.17079999999999998,131.06,19220000000.0,83.64,87.21,1.22,3.47,2.92,108.58,49.68,-0.013000000000000001,0.057800000000000004,0.262,-5.6013091929482695,-1682.487181953689,True,True,True,False,True,True,False
0,gpn,Industrials,Specialty Business Services,172.63,1.97,88.52,0.024700000000000003,0.0316,36.96,5930000000.0,173.48,173.34,1.34,0.34,0.06,209.62,105.54,0.1407,0.1885,0.264,160.58617519844827,7.499913854146079,True,False,True,False,True,True,False
0,grmn,Technology,Scientific & Technical Instruments,96.74,5.09,19.71,0.1072,0.21050000000000002,1.07,3850000000.0,88.95,97.33,3.75,2.52,3.64,105.58,61.04,0.0487,0.1108,0.23800000000000002,26.624585603156472,263.3483782317761,True,True,True,False,False,True,True
0,gs,,,201.47,18.84,10.77,0.0070999999999999995,0.0806,432.61,37160000000.0,199.42,205.17,2.53,2.48,1.53,250.46,130.85,0.0611,0.0818,0.27399999999999997,69.25357930939286,190.9163714122638,True,True,True,False,True,True,False
0,gww,Industrials,Industrial Distribution,341.39,11.43,29.73,0.1151,0.3164,155.07,11630000000.0,294.61,316.22,3.54,1.69,2.06,347.45,200.61,0.0555,0.09380000000000001,0.129,104.17951327764625,227.69398633123762,True,True,True,False,False,True,True
0,has,Consumer Cyclical,Leisure,77.59,3.23,22.22,0.0521,0.1916,194.44,5090000000.0,78.04,75.28,1.91,3.51,2.54,126.87,41.33,0.10550000000000001,0.0141,0.285,46.21057028287464,67.90530721659236,True,True,True,False,True,True,False
0,hban,Financial Services,Banks—Regional,9.6,0.79,11.68,0.0078000000000000005,0.07400000000000001,,3760000000.0,10.2,9.41,,6.25,3.16,15.63,6.82,-0.231,0.1479,0.768,-6.6700195959286654,-243.92761313414692,True,True,True,True,True,False,False
0,hbi,Consumer Cyclical,Apparel Manufacturing,13.97,1.41,10.06,0.0658,0.5354,573.74,6700000000.0,11.37,12.14,2.21,4.29,2.91,16.4,6.96,-0.0191,0.0335,0.8859999999999999,-1.2892195147860968,-1183.6013448274446,True,True,True,True,True,True,False
0,hca,Healthcare,Medical Care Facilities,125.51,9.69,12.94,0.084,,,50150000000.0,113.99,103.02,1.09,0.64,,151.97,58.38,0.0885,0.1641,0.10800000000000001,65.46992615813579,91.70634116318332,True,True,True,False,False,False,False
0,hfc,Energy,Oil & Gas Refining & Marketing,26.98,1.3,20.52,0.0346,0.047599999999999996,48.49,16989999999.999998,32.19,29.5,1.92,5.04,3.45,58.88,18.48,-0.1073,0.2557,5.088,-11.422904715634838,-336.19211287888754,True,True,True,True,True,True,False
0,hig,Financial Services,Insurance—Diversified,41.48,4.7,8.7,0.0245,0.1167,29.06,20750000000.0,43.8,39.96,1.99,2.95,2.01,62.75,19.04,-0.0070999999999999995,0.0673,0.064,-1.4150571130477387,-3031.3304471973365,True,True,True,False,True,True,False
0,hlt,Consumer Cyclical,Lodging,77.43,2.58,29.95,0.058499999999999996,,,3570000000.0,83.74,77.15,1.42,0.77,,115.48,44.3,-0.0338,0.10679999999999999,1.4709999999999999,-12.068299189715436,-741.5982797806803,True,True,True,False,False,True,False
0,holx,Healthcare,Medical Instruments & Supplies,61.75,1.68,37.23,0.0582,0.2122,176.42,3320000000.0,49.58,56.41,1.31,,,63.6,26.49,0.06570000000000001,0.0915,0.37200000000000005,23.166476357904674,166.54895222738597,True,True,False,False,False,True,False
0,hpq,Technology,Computer Hardware,17.5,2.04,8.72,0.0833,,,57100000000.0,17.86,17.09,0.78,3.85,3.25,23.93,12.54,0.0761,-0.0892,0.114,7.791758332340287,124.59628820063524,True,True,True,False,True,False,False
0,hrl,Consumer Defensive,Packaged Foods,50.27,1.7,29.74,0.08439999999999999,0.1534,6.1,9600000000.0,46.99,48.37,1.7,1.76,1.77,51.53,39.01,0.042,0.07980000000000001,0.10300000000000001,11.417601898596448,340.28510055320487,True,True,True,False,False,True,False
0,hsic,Healthcare,Medical Distribution,67.03,4.85,13.81,0.0626,0.1941,40.83,10050000000.0,59.66,60.53,1.64,,,73.99,41.85,0.044800000000000006,0.0698,0.485,16.224786429962624,313.1333271433047,True,True,False,False,False,True,False
0,hst,Real Estate,REIT—Hotel & Motel,10.5,1.01,10.2,0.0285,0.0999,82.53,5140000000.0,12.82,11.49,12.77,7.62,4.71,18.9,7.86,0.284,0.1728,0.769,25.36389199998636,-58.60256777624804,True,True,True,True,True,True,False
0,hsy,Consumer Defensive,Confectioners,145.68,5.11,28.63,0.1195,0.62,301.45,7950000000.0,139.85,131.99,1.31,2.12,2.36,162.2,109.88,0.0724,0.08810000000000001,0.07200000000000001,60.51729898992088,140.72455716218087,True,True,True,False,False,True,True
0,hum,Healthcare,Healthcare Plans,392.14,19.52,20.03,0.0688,0.2254,65.75,67720000000.0,360.03,387.17,1.65,0.58,0.64,412.7,208.25,0.1166,0.2675,0.172,284.4387060753848,37.8645000220438,True,True,True,False,False,True,False
0,hwm,Industrials,Specialty Industrial Machinery,15.55,,0.0,0.0553,0.0998,153.78,13860000000.0,15.74,15.36,1.69,,,31.99,9.87,-0.292,-0.0466,0.051,,,True,False,False,False,False,True,False
0,ibm,Technology,Information Technology Services,125.79,8.81,14.32,0.0351,0.4097,337.22,75500000000.0,125.95,122.43,1.04,5.16,4.08,158.75,90.56,0.025699999999999997,-0.0499,0.10300000000000001,16.874767806146686,645.4324791016123,True,True,True,True,True,False,False
0,ice,Financial Services,Financial Data & Stock Exchanges,96.32,3.74,25.3,0.0158,0.1241,50.38,5490000000.0,91.28,93.62,0.99,1.17,1.18,101.93,63.51,0.0876,0.1458,0.034,48.815511520470885,97.31433103923945,True,True,True,False,False,False,False
0,idxx,Healthcare,Diagnostics & Research,359.23,5.01,73.19,0.2023,5.4643,,2460000000.0,284.39,331.15,0.85,,,372.33,168.65,0.1199,0.2402,0.205,276.11259530623107,30.102721174883396,True,False,False,False,False,False,True
0,iex,Industrials,Specialty Industrial Machinery,167.67,4.91,34.53,0.09029999999999999,0.17149999999999999,51.12,2390000000.0,155.28,159.32,3.48,1.19,1.31,178.14,104.56,0.115,0.1355,0.12,121.2618004976918,38.27107903052418,True,True,True,False,False,True,False
0,iff,Basic Materials,Specialty Chemicals,126.82,4.19,30.74,0.039,0.078,72.9,5190000000.0,125.65,126.83,1.98,2.35,1.99,147.2,92.14,0.019,0.049400000000000006,0.09699999999999999,12.567217598571654,909.1334776793705,True,True,True,False,True,True,False
0,ilmn,Healthcare,Diagnostics & Research,382.25,6.34,61.96,0.0864,0.2148,40.84,3560000000.0,317.28,368.75,4.1,,,402.14,196.78,0.1067,0.1839,0.284,256.4155224088479,49.074438399447715,True,False,False,False,False,True,False
0,info,Industrials,Consulting Services,79.56,1.97,40.52,0.0356,0.0964,71.13,4340000000.0,70.73,74.94,0.73,0.43,,81.65,44.81,0.1109,0.14859999999999998,0.141,54.61032723537652,45.686730015529186,True,True,True,False,False,False,False
0,intc,Technology,Semiconductors,50.59,5.44,9.11,0.11630000000000001,0.3015,46.76,78960000000.0,59.4,59.57,1.98,2.55,2.62,69.29,43.63,0.0862,0.19010000000000002,-0.01,25.088483279338043,101.6463069398224,True,True,True,False,False,True,True
0,intu,Technology,Software—Application,288.68,5.07,58.41,0.1311,0.3035,13.99,6860000000.0,275.96,293.43,1.79,0.71,0.9,314.73,187.68,0.1015,0.3251,0.15,181.98945511775997,58.62457515090846,True,False,True,False,False,True,True
0,ip,Consumer Cyclical,Packaging & Containers,36.32,1.66,22.13,0.042,0.0911,155.23,22080000000.0,36.01,35.49,0.77,5.58,4.06,47.64,26.38,,,,,,True,True,True,True,True,False,False
0,ipg,Communication Services,Advertising Agencies,18.55,1.7,10.9,0.0426,0.2615,214.93,8590000000.0,18.48,17.5,0.97,5.18,3.32,25.2,11.63,0.004,0.013999999999999999,0.221,0.36938154744401347,4921.907598893145,True,True,True,True,True,False,False
0,ipgp,Technology,Semiconductor Equipment & Materials,175.29,3.01,60.82,0.057999999999999996,0.0701,1.94,1250000000.0,140.32,164.58,9.59,,,184.02,98.04,0.136,0.0819,0.508,161.43982533614866,8.579156125208032,True,False,False,False,False,True,False
0,iqv,Healthcare,Diagnostics & Research,157.88,0.67,242.57,0.0197,0.0252,219.5,10940000000.0,139.83,144.82,1.1,,,169.14,81.79,0.1047,0.19329999999999997,0.225,103.68346692235863,52.27114282185934,True,False,False,False,False,False,False
0,ir,Industrials,Specialty Industrial Machinery,31.6,0.33,96.13,0.0189,0.0143,41.55,2630000000.0,29.74,29.9,2.11,6.71,,38.96,17.01,,,,,,True,False,True,True,False,True,False
0,irm,Real Estate,REIT—Specialty,27.24,1.05,26.43,0.0375,0.2004,914.75,4280000000.0000005,27.52,26.99,0.76,9.03,6.69,34.49,21.0,0.08,-0.0451,0.376,12.878296890845228,111.51865212366747,True,True,True,True,True,False,False
0,it,Technology,Information Technology Services,124.69,3.16,39.67,0.04190000000000001,0.3292,359.57,4290000000.0,124.31,122.25,0.7,,,165.27,76.91,0.0575,0.1417,0.168,39.9760481126178,211.91177189083783,True,True,False,False,False,False,False
0,itw,Industrials,Specialty Industrial Machinery,184.79,7.7,24.37,0.1419,0.9081,336.86,13780000000.0,167.6,174.75,2.71,2.28,2.19,190.85,115.94,-0.0269,0.1202,0.27699999999999997,-23.64840168868942,-881.4058744121448,True,True,True,False,True,True,True
0,ivz,Financial Services,Asset Management,10.44,1.03,10.37,0.029500000000000002,0.056600000000000004,20.84,6500000000.0,11.66,10.68,9.17,10.39,5.09,19.6,6.38,-0.1014,0.0068000000000000005,0.043,-4.373252125979058,-338.7239450015188,True,True,True,True,True,True,False
0,j,Industrials,Engineering & Construction,83.94,,0.0,0.038,0.0349,72.11,13350000000.0,85.51,83.52,1.97,,,104.0,59.29,0.10400000000000001,0.0975,0.17300000000000001,,,True,False,False,False,False,True,False
0,jbht,Industrials,Integrated Freight & Logistics,130.79,4.57,28.51,0.0827,0.2164,54.67,9240000000.0,108.21,123.06,1.59,0.81,0.96,138.76,75.29,0.1009,0.1072,0.254,79.50069059674556,64.51429417564583,True,True,True,False,False,True,False
0,jci,Industrials,Engineering & Construction,36.8,6.48,5.72,0.0269,0.0647,42.76,23740000000.0,33.92,35.04,1.05,2.83,2.81,44.82,22.78,0.0915,-0.0026,0.14,20.129297759172868,82.81810145726685,True,True,True,False,True,False,False
0,jnj,Healthcare,Drug Manufacturers—General,148.12,5.68,25.89,0.0805,0.24539999999999998,48.26,80500000000.0,144.05,144.3,1.25,2.61,2.66,157.0,109.16,0.0508,0.0993,0.149,40.88043011165057,262.32495498570376,True,True,True,False,False,True,False
0,jnpr,Technology,Communication Equipment,24.48,0.97,25.92,0.0341,0.0723,42.51,4440000000.0,22.74,23.39,1.93,3.15,2.11,27.32,15.2,0.009000000000000001,-0.0059,0.162,1.1390213790091357,2049.213390647311,True,True,True,False,True,True,False
0,jpm,Financial Services,Banks—Diversified,98.28,7.47,12.97,0.0085,0.0953,,97280000000.0,105.55,98.06,,3.66,2.5,141.1,76.91,-0.0137,0.1539,0.523,-6.384799894732892,-1639.2808172590592,True,True,True,False,True,False,False
0,k,Consumer Defensive,Packaged Foods,68.68,2.99,23.39,0.059000000000000004,0.33030000000000004,283.56,13470000000.0,65.06,66.62,0.77,3.31,3.18,71.05,52.66,0.0207,0.0373,0.021,7.459603055077643,820.6924214720854,True,True,True,False,True,False,False
0,key,Financial Services,Banks—Regional,12.25,1.12,10.75,0.0077,0.0701,,5270000000.0,13.61,12.51,,6.04,2.88,20.53,7.45,-0.126,0.1472,0.541,-5.833531473583451,-309.9928671932751,True,True,True,True,True,False,False
0,khc,Consumer Defensive,Packaged Foods,34.68,1.56,22.33,0.032,0.0371,64.12,25170000000.0,29.21,32.8,1.48,4.61,3.91,35.25,19.99,,,,,,True,True,True,True,True,True,False
0,kim,Real Estate,REIT—Retail,10.75,0.75,14.28,0.025099999999999997,0.0751,118.6,1150000000.0,13.63,12.62,5.32,10.42,5.62,21.86,7.45,0.046,-0.1073,0.057,2.670263575135048,302.5819810486806,True,True,True,True,True,True,False
0,klac,Technology,Semiconductor Equipment & Materials,188.21,6.42,30.71,0.11460000000000001,0.3923,152.24,5610000000.0,169.82,195.44,2.61,1.7,2.5,209.3,110.19,0.12789999999999999,0.3134,0.019,160.90277971673115,16.971254524839875,True,True,True,False,False,True,True
0,kmb,Consumer Defensive,Household & Personal Products,147.34,7.45,19.79,0.1446,9.5523,,18840000000.0,138.94,141.65,0.91,2.85,3.12,149.36,110.66,0.0634,0.038900000000000004,0.022000000000000002,52.45535288761443,180.88649087096198,True,True,True,False,False,False,True
0,kmi,Energy,Oil & Gas Midstream,14.25,0.07,200.0,0.0275,0.0067,104.73,12230000000.0,16.65,15.19,0.48,7.19,4.62,22.58,9.42,-0.006,0.013999999999999999,0.203,-0.4103299551513438,-3572.814943462782,True,False,True,True,True,False,False
0,kmx,Consumer Cyclical,Auto & Truck Dealerships,97.46,3.79,25.83,0.0271,0.1783,430.67,19300000000.0,82.56,92.2,2.85,,,103.18,37.59,0.124,0.1636,0.6759999999999999,76.85995988290415,26.802043806007614,True,True,False,False,False,True,False
0,ko,Consumer Defensive,Beverages—Non-Alcoholic,48.49,2.12,22.87,0.0659,0.4664,272.81,34330000000.0,49.35,46.12,1.09,3.34,3.21,60.13,36.27,0.0294,0.0191,0.132,7.473907123088624,548.7905081159385,True,True,True,False,True,False,False
0,kss,Consumer Cyclical,Department Stores,20.86,0.56,35.51,0.015700000000000002,0.0172,160.5,18310000000.0,26.66,21.98,1.88,13.01,5.03,59.28,10.89,-0.07629999999999999,0.0602,1.46,-6.440544375953042,-423.8856652845161,True,True,True,True,True,True,False
0,ksu,Industrials,Railroads,154.7,5.85,26.73,0.0661,0.11539999999999999,80.82,2760000000.0,146.79,149.97,2.44,1.01,1.32,178.59,92.86,0.08539999999999999,0.0926,0.23199999999999998,78.30149819721159,97.56965519404206,True,True,True,False,False,True,False
0,l,Financial Services,Insurance—Property & Casualty,36.87,-0.32,0.0,0.0073,-0.0277,62.57,14250000000.0,39.29,34.8,0.44,0.68,0.56,56.88,27.33,,,,,,True,False,True,False,True,False,False
0,ldos,Technology,Information Technology Services,91.07,4.11,21.95,0.0557,0.1791,144.74,11410000000.0,98.34,93.42,0.67,1.47,2.15,125.84,68.0,0.10339999999999999,0.1462,0.19699999999999998,56.6923245738114,60.63902950641948,True,True,True,False,False,False,False
0,leg,Consumer Cyclical,"Furnishings, Fixtures & Appliances",35.93,2.36,15.83,0.06309999999999999,0.26170000000000004,211.84,4640000000.0,35.7,35.13,2.09,4.45,3.27,55.42,22.03,0.052000000000000005,0.0431,0.612,10.656353182311777,237.1697557813618,True,True,True,True,True,True,False
0,len,Consumer Cyclical,Residential Construction,69.79,6.64,11.0,0.057300000000000004,0.13119999999999998,53.73,22620000000.0,56.85,63.6,8.45,0.47,0.34,73.75,25.42,0.031,0.1261,0.022000000000000002,11.90994957688216,485.9806504593946,True,True,True,False,True,True,False
0,lh,Healthcare,Diagnostics & Research,198.74,3.27,61.58,0.0508,0.0455,101.12,11590000000.0,166.63,175.91,1.18,,,201.88,98.02,0.077,0.11109999999999999,0.244,89.40502041137644,122.29176738123213,True,False,False,False,False,False,False
0,lhx,Industrials,Aerospace & Defense,171.24,7.35,22.79,,,34.01,21420000000.0,192.34,177.14,1.41,1.75,1.8,230.99,142.01,0.13470000000000001,0.1301,0.128,145.92785205752003,17.34565923200373,True,True,True,False,False,True,False
0,lin,Basic Materials,Specialty Chemicals,244.07,4.32,57.1,0.0258,0.04650000000000001,35.72,28020000000.0,199.42,220.6,0.74,1.47,2.19,248.88,146.71,0.10830000000000001,0.025,0.136,163.9494389466349,48.86906693193633,True,False,True,False,False,False,False
0,lly,Healthcare,Drug Manufacturers—General,159.54,6.04,26.59,0.1025,1.9205,551.52,23090000000.0,148.37,160.38,1.11,1.68,2.34,170.75,101.36,0.13470000000000001,0.1666,0.16699999999999998,139.91420261724247,14.0270230009794,True,True,True,False,False,False,True
0,lmt,Industrials,Aerospace & Defense,386.21,22.82,16.75,0.106,1.9303,334.76,62920000000.0,381.92,371.6,1.31,2.43,2.56,442.53,266.11,0.0911,0.15839999999999999,0.10300000000000001,206.5091176761597,87.01837688621616,True,True,True,False,False,True,True
0,lnc,Financial Services,Insurance—Life,37.21,3.32,11.08,0.0024,0.0416,48.74,17720000000.0,39.98,38.04,4.65,4.14,2.13,66.93,16.11,0.09880000000000001,0.11869999999999999,0.175,21.886959846261576,70.0099066355974,True,True,True,True,True,True,False
0,lnt,Utilities,Utilities—Regulated Electric,53.12,2.5,21.14,0.028999999999999998,0.11380000000000001,113.31,3580000000.0,51.41,49.33,0.55,2.72,3.06,60.28,37.66,0.053,0.0833,0.075,15.395742817851927,245.0304452891056,True,True,True,False,False,False,False
0,low,Consumer Cyclical,Home Improvement Retail,147.03,5.94,25.12,0.10039999999999999,1.8465,,74080000000.0,115.0,135.94,1.2,1.5,1.72,149.65,60.0,0.196,0.1575,0.084,213.504547149783,-31.134956157700998,True,True,True,False,False,False,True
0,lrcx,Technology,Semiconductor Equipment & Materials,345.72,13.89,25.77,0.12269999999999999,0.4267,116.53,9610000000.0,287.29,323.36,4.47,1.32,1.49,367.56,181.38,0.1452,0.3379,0.168,343.21236414800455,0.7306368050639556,True,True,True,False,False,True,True
0,luv,Industrials,Airlines,31.66,0.31,103.38,0.0003,0.015700000000000002,105.0,16610000000.0,39.2,34.32,1.7,1.71,0.99,58.83,22.47,-0.0301,0.0978,1.3330000000000002,-4.490447752926111,-805.0521850381042,True,False,True,False,True,True,False
0,lvs,Consumer Cyclical,Resorts & Casinos,44.36,0.44,97.71,0.029900000000000003,0.07490000000000001,305.81,8640000000.0,52.24,47.49,1.59,5.25,5.09,74.29,33.3,,,,,,True,False,True,True,True,True,False
0,lw,Consumer Defensive,Packaged Foods,67.79,3.26,21.63,0.12869999999999998,4.4622,898.0,3950000000.0,69.75,65.75,1.85,1.22,,96.32,39.06,-0.0325,0.16870000000000002,-0.03,-10.616927326784884,-738.508656162468,True,True,True,False,False,True,True
0,lyb,Basic Materials,Specialty Chemicals,68.5,7.89,8.85,0.0721,0.3071,209.3,33439999999.999996,65.64,67.23,1.75,6.13,4.21,98.91,33.71,-0.011000000000000001,0.0088,0.525,-3.714703145184995,-1944.0235282000885,True,True,True,True,True,True,False
0,ma,Financial Services,Credit Services,306.92,7.82,39.47,0.2232,1.4774,226.74,17000000000.0,290.74,301.75,1.87,0.48,0.59,347.25,199.99,0.1277,0.2236,0.315,251.40302095612205,22.08286075192687,True,True,True,False,False,True,True
0,mar,Consumer Cyclical,Lodging,87.5,2.81,30.74,0.0436,1.1737,,5000000000.0,101.9,90.69,0.62,2.19,1.35,153.39,46.56,-0.0661,0.2016,4.508,-24.73470950636136,-453.75390189036364,True,True,True,False,True,False,False
0,mas,Industrials,Building Products & Equipment,54.1,4.74,11.8,0.1307,,,6780000000.0,44.38,49.9,1.83,0.72,1.17,56.03,27.04,0.0981,0.23329999999999998,0.155,32.99701943617627,63.954202301943354,True,True,True,False,False,True,True
0,mcd,Consumer Cyclical,Restaurants,198.72,7.64,26.34,0.1107,,,20770000000.0,189.65,189.3,1.89,2.43,2.6,221.93,124.23,0.036000000000000004,0.1335,0.395,38.489269042929514,416.2997504014821,True,True,True,False,False,True,True
0,mchp,Technology,Semiconductors,100.21,2.23,46.23,0.0242,0.105,172.26,5270000000.0,93.1,104.19,1.35,1.46,2.04,113.28,53.15,0.08900000000000001,0.2501,0.168,54.18661166134177,84.93498103608603,True,True,True,False,False,True,False
0,mck,Healthcare,Medical Distribution,155.34,4.96,31.7,0.0294,0.1374,140.37,231050000000.0,146.35,152.15,0.99,1.04,0.89,172.18,112.6,0.07730000000000001,0.0344,0.17800000000000002,70.12357125673526,121.52322994399665,True,True,True,False,True,False,False
0,mco,Financial Services,Financial Data & Stock Exchanges,289.68,8.06,35.94,0.1321,2.7292,911.92,4980000000.0,253.86,280.95,1.7,0.71,1.14,296.66,164.19,0.0731,0.16760000000000003,0.10800000000000001,121.15342890120922,139.10177584508196,True,True,True,False,False,True,True
0,mdlz,Consumer Defensive,Confectioners,54.87,2.54,21.87,0.04,0.1442,78.58,26040000000.0,52.69,52.21,0.53,2.03,1.83,59.96,41.19,0.059699999999999996,0.0825,0.078,18.473421097228595,197.02132437305647,True,True,True,False,True,False,False
0,mdt,Healthcare,Medical Devices,96.35,3.54,27.24,0.0356,0.0951,50.6,28910000000.0,99.76,93.97,2.12,2.24,2.05,122.15,72.13,0.0962,0.06570000000000001,0.54,55.576048036041996,73.36605139234695,True,True,True,False,True,True,False
0,met,Financial Services,Insurance—Life,38.22,9.37,4.04,0.0101,0.1382,157.0,71630000000.0,38.84,37.54,1.08,4.6,3.49,53.28,22.85,0.0163,0.0073,0.08800000000000001,3.1516020825893674,1112.7165485497558,True,True,True,True,True,False,False
0,mgm,Consumer Cyclical,Resorts & Casinos,15.79,5.48,2.73,0.0148,0.22820000000000001,153.02,11550000000.0,19.91,17.6,2.89,3.42,,34.64,5.9,-0.4521,-0.0636,0.506,-14.062026213165563,-212.2882276041885,True,True,True,False,False,True,False
0,mhk,Consumer Cyclical,"Furnishings, Fixtures & Appliances",85.01,49.9,1.75,0.0417,0.0951,39.12,9810000000.0,99.69,91.88,1.61,,,153.05,56.62,-0.1411,0.0403,0.696,-45.98475318727976,-284.8656219894975,True,True,False,False,False,True,False
0,mkc,Consumer Defensive,Packaged Foods,193.52,5.56,35.26,0.0621,0.2118,120.94,5430000000.0,163.1,180.44,1.02,1.23,1.68,196.77,112.23,0.05,0.1039,-0.019,53.55554433062265,261.34447407594877,True,True,True,False,False,False,False
0,mktx,Financial Services,Capital Markets,505.81,6.9,75.5,0.217,0.34700000000000003,11.1,615140000.0,423.44,514.05,6.22,0.44,0.66,561.68,275.5,0.1855,0.2177,0.05,691.0443860296974,-26.80499107936274,False,False,True,False,False,True,True
0,mlm,Basic Materials,Building Materials,223.65,9.48,24.05,0.0533,0.1158,70.68,4430000000.0,213.46,212.0,1.7,0.95,0.89,281.82,135.08,0.045,0.21109999999999998,0.08900000000000001,55.497706830987,302.98962384356685,True,True,True,False,True,True,False
0,mmm,Industrials,Specialty Industrial Machinery,159.84,8.52,19.15,0.10400000000000001,0.49920000000000003,228.64,32350000000.0,153.45,157.46,1.65,3.62,2.72,182.55,114.04,0.0239,0.059800000000000006,0.098,20.222229803249054,690.4172861012535,True,True,True,False,True,True,True
0,mnst,Consumer Defensive,Beverages—Non-Alcoholic,74.88,2.07,36.92,0.19140000000000001,0.2973,0.78,4320000000.0,65.78,70.89,2.92,,,76.73,50.06,0.1211,0.1972,0.14800000000000002,58.26251192580254,28.52175013559297,True,True,False,False,False,True,True
0,mrk,Healthcare,Drug Manufacturers—General,77.1,3.94,20.01,0.1176,0.37549999999999994,106.46,48080000000.0,79.98,77.94,1.12,2.93,2.98,92.64,65.25,0.0625,0.08650000000000001,0.145,27.602063907208095,179.3269382289411,True,True,True,False,False,False,True
0,mro,Energy,Oil & Gas E&P,5.72,0.32,17.54,0.018000000000000002,0.0215,47.59,4920000000.0,6.91,6.08,1.32,2.62,2.19,14.39,3.02,0.0097,-0.243,0.39399999999999996,0.2744365318120705,1984.2706188682484,True,True,True,False,True,True,False
0,ms,Financial Services,Capital Markets,50.18,5.52,9.29,,,351.07,43790000000.0,44.96,48.91,,2.79,2.23,57.57,27.2,0.0277,0.22010000000000002,-0.027999999999999997,7.422614205938788,576.0421410539064,True,True,True,False,True,False,False
0,msci,Financial Services,Financial Data & Stock Exchanges,385.65,6.24,63.15,0.1389,,,1600000000.0,313.26,349.44,2.03,0.68,1.05,398.49,206.82,0.11800000000000001,0.2979,0.129,290.9228072986073,32.560937240016145,True,False,True,False,False,True,True
0,msft,Technology,Software—Infrastructure,201.3,5.76,35.39,0.11259999999999999,0.4014,69.0,143020000000.0,177.9,201.56,2.52,1.01,1.89,216.38,130.78,0.15,0.18170000000000003,0.14,203.8464,-1.249175850051798,True,True,True,False,False,True,True
0,msi,Technology,Communication Equipment,141.73,5.21,27.26,0.1041,,,7890000000.0,151.77,138.68,1.15,1.71,1.85,187.49,120.77,0.1032,0.2525,0.141,89.04259017498623,59.17102110515049,True,True,True,False,False,False,True
0,mtb,Financial Services,Banks—Regional,105.13,10.78,9.54,0.011399999999999999,0.09380000000000001,,5340000000.0,121.53,105.54,,4.09,2.27,174.0,85.09,-0.0843,0.1727,0.18,-36.218394489887096,-390.26686986181676,True,True,True,True,True,False,False
0,mtd,Healthcare,Diagnostics & Research,862.72,22.13,40.46,0.16449999999999998,1.2610999999999999,513.66,2980000000.0,755.58,817.82,1.77,,,897.18,579.4,0.094,0.1429,0.177,502.0355393857606,71.84440787907884,True,True,False,False,False,True,True
0,mu,,,50.02,,25.91,,,,,49.43,50.38,,,,61.19,31.13,-0.18350000000000002,0.3129,0.6859999999999999,,,False,True,False,False,False,False,False
0,mxim,Technology,Semiconductors,67.13,2.98,23.09,0.11699999999999999,0.4965,64.94,2200000000.0,57.55,63.07,5.95,2.86,3.06,73.52,41.93,0.0274,0.1328,0.071,9.845836226050777,581.8110565599591,True,True,True,False,False,True,True
0,myl,Healthcare,Drug Manufacturers—Specialty & Generic,15.96,0.12,135.17,0.0334,0.0054,114.24,11620000000.0,17.39,16.4,1.26,,,23.11,12.75,0.0255,0.0155,0.039,2.151859115746597,641.6842433229002,True,False,False,False,False,True,False
0,ndaq,Financial Services,Financial Data & Stock Exchanges,130.56,4.78,27.31,0.053,0.141,67.48,4910000000.0,111.11,121.86,1.11,1.46,1.73,135.51,71.66,0.09,0.1177,0.002,69.52335086436999,87.79301972182512,True,True,True,False,False,False,False
0,nee,Utilities,Utilities—Regulated Electric,280.25,7.24,38.35,0.0315,0.0766,111.18,18980000000.0,247.69,254.67,0.61,1.89,2.54,285.63,174.8,0.08070000000000001,0.1117,0.086,130.15643001689966,115.31782944846599,True,True,True,False,False,False,False
0,nem,Basic Materials,Gold,66.75,4.41,15.67,0.038900000000000004,0.21280000000000002,30.17,10520000000.0,53.87,60.2,3.31,0.84,0.87,70.3,33.0,0.21789999999999998,0.030299999999999997,0.493,114.75986647853996,-41.83506651911083,True,True,True,False,False,True,False
0,ni,Utilities,Utilities—Regulated Gas,24.54,0.48,50.37,0.0379,0.0416,176.37,4940000000.0,25.55,23.58,0.77,3.34,3.07,30.67,19.56,0.0349,-0.0693,0.054000000000000006,4.47313272069139,448.6088057813535,True,False,True,False,True,False,False
0,nke,Consumer Cyclical,Footwear & Accessories,98.43,1.6,60.76,0.0707,0.297,161.58,37400000000.0,92.96,98.33,2.48,0.97,1.07,105.62,60.0,0.2364,0.0839,0.41100000000000003,181.60913605335304,-45.80118481975307,True,False,True,False,False,True,False
0,nlok,Technology,Software—Infrastructure,20.39,,0.0,0.0327,0.2011,,2490000000.0,20.7,20.25,1.17,,1.73,28.7,15.12,0.05,0.019799999999999998,0.252,,,True,False,False,False,False,False,False
0,now,Technology,Software—Application,425.19,3.36,129.26,0.0126,0.3909,53.09,3720000000.0,345.64,409.41,1.03,,,454.7,213.99,0.2709,1.095,0.267,994.3857967841979,-57.24094195884065,True,False,False,False,False,False,False
0,nrg,Utilities,Utilities—Independent Power Producers,34.19,15.9,2.12,0.0738,,455.14,9670000000.0,33.5,33.61,1.22,1.93,1.45,41.78,19.54,-0.128,0.1,-0.077,-16.525541686988486,-306.8918565430128,True,True,True,False,True,True,False
0,nsc,Industrials,Railroads,187.01,9.22,20.59,0.0679,0.1606,83.89,11080000000.0,176.59,178.38,0.89,1.97,2.13,219.88,112.62,0.0519,0.15990000000000001,0.249,54.03563050746579,246.08645858987782,True,True,True,False,False,False,False
0,ntap,Technology,Computer Hardware,43.2,3.52,12.53,0.0716,1.2297,748.76,5410000000.0,46.35,43.85,1.18,4.44,2.31,65.38,34.66,0.060899999999999996,0.14980000000000002,0.225,14.998299758264285,188.03264834199734,True,True,True,True,True,False,False
0,ntrs,Financial Services,Asset Management,76.03,6.43,11.92,0.0103,0.12890000000000001,,6060000000.0,83.84,80.6,,3.68,2.08,110.48,60.67,-0.0554,0.1567,0.03,-18.79178500157333,-504.5916872379842,True,True,True,False,True,False,False
0,nue,Basic Materials,Steel,42.85,1.66,26.34,0.0462,0.057699999999999994,50.58,20550000000.0,41.81,41.78,4.39,3.75,2.94,58.7,27.53,-0.046900000000000004,0.34600000000000003,0.297,-9.230828282255493,-564.2053636981955,True,True,True,False,True,True,False
0,nvda,Technology,Semiconductors,407.78,5.35,77.93,0.1162,0.29109999999999997,57.85,11780000000.0,304.71,387.19,10.29,0.16,0.55,431.69,147.39,0.16829999999999998,0.5283,0.217,485.0318592137347,-15.927172152972503,True,False,True,False,False,True,True
0,nws,Communication Services,Broadcasting,12.71,-1.57,0.0,0.0184,-0.1247,29.78,9550000000.0,11.8,12.22,1.39,1.57,,15.36,7.88,,,,,,True,False,True,False,False,True,False
0,o,Real Estate,REIT—Retail,57.42,1.46,40.3,0.0278,0.051399999999999994,74.21,1550000000.0,62.33,59.75,0.89,4.77,4.23,84.92,38.0,0.0545,0.038900000000000004,0.006,17.678087236934157,224.8088960667338,True,True,True,True,True,False,False
0,odfl,Industrials,Trucking,182.24,5.12,36.2,0.13470000000000001,0.2127,1.49,4110000000.0000005,147.58,171.45,1.94,0.27,,190.13,104.61,0.0738,0.2361,0.22,78.36941051967445,132.53971006231967,True,True,True,False,False,True,True
0,oke,Energy,Oil & Gas Midstream,28.72,1.92,14.59,0.059699999999999996,0.1332,261.33,9520000000.0,43.32,32.49,1.36,12.8,5.93,78.48,12.16,-0.0165,0.1968,0.059000000000000004,-2.210929236807035,-1399.0013213392872,True,True,True,True,True,True,False
0,orcl,Technology,Software—Infrastructure,55.65,3.08,17.97,0.0789,0.5778,579.63,39070000000.0,52.73,55.11,3.03,1.73,1.55,58.79,39.71,0.0904,0.0795,0.08900000000000001,29.63138405514819,87.8076295606965,True,True,True,False,True,True,False
0,orly,Consumer Cyclical,Specialty Retail,442.34,17.82,25.28,0.11230000000000001,5.6953,,10220000000.0,391.44,425.79,0.91,,,463.02,251.52,0.1435,0.1978,0.158,425.4547186873328,3.9687610857305433,True,True,False,False,False,False,True
0,otis,Industrials,Specialty Industrial Machinery,58.13,,0.0,,,,12980000000.0,52.03,57.43,1.03,,,61.46,38.0,,,,,,True,False,False,False,False,False,False
0,payx,Industrials,Staffing & Employment Services,72.19,3.04,23.88,0.106,0.40659999999999996,33.65,4040000000.0,74.08,74.34,1.23,3.44,3.07,90.54,47.87,0.032799999999999996,0.10550000000000001,0.087,12.569902208310557,474.30836615635536,True,True,True,False,True,True,True
0,pbct,Financial Services,Banks—Regional,12.0,1.13,10.01,0.0087,0.0666,,1840000000.0,12.87,11.68,,5.94,4.24,17.22,9.37,0.1373,0.12050000000000001,-0.127,10.096286802296873,18.855577649300102,True,True,True,True,True,False,False
0,pcar,Industrials,Farm & Heavy Construction Machinery,85.74,4.74,18.13,0.0479,0.1696,119.26,20710000000.0,71.07,76.68,1.32,1.49,1.64,87.24,49.11,-0.044000000000000004,0.1207,0.436,-17.119418303678447,-600.8347741673971,True,True,True,False,False,True,False
0,peak,Real Estate,REIT—Healthcare Facilities,26.24,,0.0,0.009899999999999999,0.0391,83.78,2150000000.0,28.56,27.17,1.69,,5.66,37.93,18.63,0.025,-0.2002,-0.5539999999999999,,,True,False,False,False,False,True,False
0,peg,Utilities,Utilities—Diversified,52.27,2.83,18.37,0.0342,0.0959,111.76,9880000000.0,51.65,50.89,0.72,3.63,3.5,63.88,34.75,0.0245,0.035,0.009000000000000001,6.61310544089565,690.4002207005607,True,True,True,False,True,False,False
0,pep,Consumer Defensive,Beverages—Non-Alcoholic,136.06,4.9,28.08,0.0793,0.5181,357.34,67650000000.00001,133.5,132.72,0.97,2.86,2.84,147.2,101.42,0.0548,0.0528,0.10800000000000001,41.59247986240007,227.12644316983685,True,True,True,False,True,False,False
0,pfe,Healthcare,Drug Manufacturers—General,37.66,2.8,13.41,0.057800000000000004,0.2541,80.03,50660000000.0,35.7,34.53,1.02,3.88,3.57,43.0,27.88,0.0425,0.0867,0.10800000000000001,8.589054915166459,338.4650042637448,True,True,True,False,True,False,False
0,pfg,Financial Services,Insurance—Diversified,44.77,4.47,10.0,0.0037,0.09630000000000001,29.12,17030000000.000002,41.49,42.65,2.82,4.91,3.57,60.58,23.31,0.066,0.061900000000000004,0.14800000000000002,16.641933980186575,169.0192140727269,True,True,True,True,True,True,False
0,pgr,Financial Services,Insurance—Property & Casualty,87.86,7.46,11.7,0.0642,0.2917,32.36,40540000000.0,78.45,81.53,0.5,3.02,2.2,90.72,62.18,0.0009,0.2998,-0.151,0.3890580159367512,22482.750232881288,True,True,True,False,True,False,False
0,ph,Industrials,Specialty Industrial Machinery,182.86,10.21,18.19,0.0719,0.215,146.99,14220000000.0,171.14,182.63,1.49,1.92,1.88,215.94,93.0,0.0478,0.1555,-0.025,48.2897516344648,278.67247979277516,True,True,True,False,True,True,False
0,phm,Consumer Cyclical,Residential Construction,42.62,4.24,10.44,0.09359999999999999,0.2127,53.47,10620000000.0,34.35,35.5,4.51,1.08,1.47,47.37,17.12,0.02,0.3139,0.122,4.555461966428082,835.5801961270278,True,True,True,False,False,True,False
0,pkg,Consumer Cyclical,Packaging & Containers,102.79,6.86,15.09,0.0885,0.2191,86.86,6940000000.0,96.27,100.79,3.51,3.07,2.88,114.78,71.05,-0.1043,0.1588,-0.02,-43.345472961372934,-337.14125830764544,True,True,True,False,True,True,False
0,pki,Healthcare,Diagnostics & Research,110.37,2.02,56.97,0.0387,0.0837,79.72,2890000000.0,91.73,102.03,1.84,0.25,0.41,115.42,62.91,0.147,0.10490000000000001,0.18100000000000002,112.10971925930976,-1.5518005671620538,True,False,True,False,False,True,False
0,pld,Real Estate,REIT—Industrial,99.91,2.54,40.03,0.021,0.060599999999999994,42.63,4250000000.0,89.18,94.64,0.89,2.22,2.93,101.89,59.82,-0.0605,0.1341,-0.254,-26.947824298602978,-470.7534934654428,True,True,True,False,False,False,False
0,pm,Consumer Defensive,Tobacco,76.85,4.67,16.82,0.1766,,,29160000000.0,76.76,73.01,1.13,6.09,4.84,90.17,56.01,0.0527,0.0391,0.109,22.739088166270133,237.9642993512594,True,True,True,True,True,False,True
0,pnc,Financial Services,Banks—Regional,106.84,16.11,6.51,0.0073,0.061900000000000004,,14180000000.0,116.27,107.19,,4.31,2.45,161.79,79.41,-0.0738,0.11900000000000001,-0.455,-33.01849099138654,-423.57626527472473,True,True,True,True,True,False,False
0,pnr,Industrials,Specialty Industrial Machinery,42.38,1.98,21.73,0.06570000000000001,0.1814,56.32,2890000000.0,37.66,39.0,1.34,1.75,2.21,47.43,22.01,0.039,-0.1036,0.136,8.968535793967696,372.5409027023687,True,True,True,False,False,True,False
0,pnw,Utilities,Utilities—Regulated Electric,81.38,4.88,16.45,0.0235,0.1038,109.17,3390000000.0,82.36,77.13,0.47,3.74,3.35,105.51,60.05,0.0436,0.1363,0.040999999999999995,18.87975901948035,331.04363734744277,True,True,True,False,True,False,False
0,prgo,Healthcare,Drug Manufacturers—Specialty & Generic,55.8,1.37,41.27,0.0263,0.032799999999999996,62.18,5000000000.0,53.64,55.19,1.86,1.53,0.98,63.86,40.01,0.1,-0.1331,0.069,34.13054732356866,63.48990677177806,True,True,True,False,True,True,False
0,pru,Financial Services,Insurance—Life,64.91,7.27,8.84,0.0026,0.052000000000000005,62.04,63080000000.0,67.26,62.96,0.8,6.32,3.62,103.56,38.62,0.09,0.0706,0.26,34.22691647679358,89.64606421384775,True,True,True,True,True,False,False
0,psa,Real Estate,REIT—Industrial,185.36,7.35,25.25,0.08470000000000001,0.16829999999999998,27.01,2950000000.0,201.73,194.06,2.07,4.32,3.46,266.76,155.37,0.17,0.0641,0.001,218.81828948338168,-15.29044467095273,True,True,True,True,True,True,False
0,psx,Energy,Oil & Gas Refining & Marketing,65.06,0.83,78.1,0.0408,0.027000000000000003,54.84,105070000000.0,73.43,70.03,1.11,5.53,3.17,119.92,40.04,-0.06,0.0812,3.108,-17.055437751526163,-481.46191817432697,True,False,True,True,True,False,False
0,pwr,Industrials,Engineering & Construction,40.68,2.17,18.9,0.043,0.087,51.51,12070000000.0,36.58,39.07,1.78,0.44,,44.09,23.77,0.0875,0.26039999999999996,0.221,21.130251041251384,92.52019259299264,True,True,True,False,False,True,False
0,pxd,Energy,Oil & Gas E&P,99.68,4.16,23.66,0.0707,0.056900000000000006,23.85,9440000000.0,100.7,97.43,1.0,1.43,0.29,159.01,48.62,0.1744,0.43770000000000003,0.9209999999999999,120.0917888631064,-16.996823060379217,True,True,True,False,True,False,False
0,pypl,Financial Services,Credit Services,172.56,1.58,112.57,0.0326,0.1204,54.32,18260000000.0,131.32,170.1,1.39,,,183.99,82.07,0.15810000000000002,0.24230000000000002,0.23399999999999999,190.4945574395107,-9.414734825274785,True,False,False,False,False,True,False
0,qcom,Technology,Semiconductors,88.89,3.41,27.22,0.1573,1.1715,540.85,24740000000.0,82.17,90.39,1.57,2.79,3.58,96.17,58.0,0.2741,-0.0836,0.602,216.36741364972536,-58.917103781670676,True,True,True,False,False,True,True
0,qrvo,Technology,Semiconductors,111.92,2.8,41.12,0.053200000000000004,0.07730000000000001,38.39,3240000000.0,100.79,112.24,3.14,,,122.36,67.54,0.0907,0.0634,0.267,61.88176940546791,80.86102106529405,True,True,False,False,False,True,False
0,rcl,Consumer Cyclical,Travel Services,50.83,0.88,56.09,0.0318,0.0189,155.65,10540000000.0,63.65,54.07,0.51,5.98,2.34,135.32,19.25,-0.41090000000000004,0.3283,0.757,-45.34226293100781,-212.10291836854785,True,False,True,True,True,False,False
0,re,Financial Services,Insurance—Reinsurance,224.01,16.45,13.42,0.0155,0.079,9.9,8230000000.0,221.45,213.48,1.77,2.63,2.26,294.31,157.32,0.0352,-0.0688,0.903,41.218736185719294,443.46644446030064,True,True,True,False,True,True,False
0,reg,Real Estate,REIT—Retail,39.96,0.74,54.08,0.0226,0.02,74.05,1160000000.0,48.48,44.79,4.9,5.88,3.35,70.13,31.8,0.091,-0.0252,0.374,21.59303420751185,85.05967996891609,True,False,True,True,True,True,False
0,regn,Healthcare,Biotechnology,608.94,19.91,32.01,0.10769999999999999,0.2113,5.89,8320000000.0,512.45,620.63,4.21,,,664.64,271.37,0.0886,0.21600000000000003,0.198,333.2097689352993,82.74974408635674,True,True,False,False,False,True,True
0,rf,Financial Services,Banks—Regional,10.92,0.67,15.86,0.004,0.0317,,4520000000.0,11.93,11.28,,5.68,2.73,17.54,6.94,-0.21600000000000003,0.20309999999999997,1.3019999999999998,-7.394770126890594,-247.67193317193374,True,True,True,True,True,False,False
0,rhi,Industrials,Staffing & Employment Services,52.73,3.2,16.37,,,24.45,5700000000.0,50.52,52.44,,2.47,1.94,63.84,32.38,0.027000000000000003,0.1001,0.225,7.380350030290207,614.4647582240292,True,True,True,False,True,False,False
0,rjf,Financial Services,Capital Markets,72.12,6.75,10.54,0.0218,0.1449,57.89,7880000000.0,74.74,71.14,4.53,1.97,1.37,102.45,54.21,-0.0668,0.2168,0.08800000000000001,-20.55935185011406,-450.7892686782336,True,True,True,False,True,True,False
0,rl,Consumer Cyclical,Apparel Manufacturing,71.45,4.98,14.38,0.056900000000000006,0.1285,119.83,6160000000.0,85.8,73.02,1.61,3.85,2.22,128.29,59.82,0.0165,0.0231,1.936,6.037660462745176,1083.4054008315902,True,True,True,False,True,True,False
0,rmd,Healthcare,Medical Instruments & Supplies,202.44,3.52,58.37,0.11,0.2397,66.78,2890000000.0,166.03,185.24,2.66,0.77,1.56,209.0,108.85,0.21100000000000002,0.1042,0.028999999999999998,325.9579625450535,-37.8938319471122,True,False,True,False,False,True,True
0,rok,Industrials,Specialty Industrial Machinery,226.19,6.08,37.68,0.1277,0.6286,255.21,6760000000.0,192.46,214.82,1.57,1.76,2.14,230.93,115.38,0.0175,0.0795,0.054000000000000006,20.526622733632088,1001.9348040600771,True,True,True,False,False,True,True
0,rol,Consumer Cyclical,Personal Services,48.68,0.61,80.79,0.131,0.2664,66.22,2069999999.9999998,39.71,44.14,0.73,0.89,1.09,49.55,30.72,0.08199999999999999,0.1351,0.17600000000000002,23.535050023771056,106.84043565164232,True,False,True,False,False,False,True
0,rop,Industrials,Specialty Industrial Machinery,415.27,15.57,27.03,0.0559,0.18489999999999998,55.01,5430000000.0,361.74,398.36,0.96,0.47,0.57,425.52,240.0,0.055,0.1906,0.086,127.73558116768804,225.1012726476298,True,True,True,False,False,False,False
0,rost,Consumer Cyclical,Apparel Retail,86.16,2.61,32.6,0.0725,0.307,223.37,14090000000.0,96.37,89.21,1.75,0.92,0.91,124.16,56.3,0.0556,0.1699,3.844,26.13772781838226,229.63844676431665,True,True,True,False,True,True,False
0,sbux,Consumer Cyclical,Restaurants,75.78,2.82,27.12,0.1013,,,26660000000.0,77.18,75.36,0.7,2.1,1.69,98.94,50.02,0.011200000000000002,0.1445,2.023,4.330621719051021,1649.8642208030546,True,True,True,False,True,False,True
0,schw,Financial Services,Capital Markets,34.94,2.39,14.16,0.0097,0.12539999999999998,27.6,10380000000.0,37.99,35.29,0.3,2.0,1.0,51.65,28.0,-0.05,0.2984,-0.078,-7.569824089226649,-561.5695105745785,True,True,True,False,True,False,False
0,see,Consumer Cyclical,Packaging & Containers,37.25,2.14,17.24,0.08349999999999999,,,4850000000.0,31.55,33.5,1.14,1.72,1.47,45.86,17.06,0.042,0.0183,0.064,8.331746457653743,347.08513622352547,True,True,True,False,True,False,False
0,shw,Basic Materials,Specialty Chemicals,620.02,17.34,36.07,0.0755,0.4794,350.1,18010000000.0,547.09,584.48,0.94,0.76,0.94,631.88,325.43,0.0793,0.21989999999999998,0.149,287.3056723931006,115.80499780445308,True,True,True,False,False,False,False
0,sjm,Consumer Defensive,Packaged Foods,108.14,6.84,15.92,0.0479,0.0965,70.61,7800000000.0,109.45,106.56,1.24,3.26,2.63,125.62,91.88,-0.0017000000000000001,0.099,0.022000000000000002,-0.9120883846365214,-11956.307110313124,True,True,True,False,True,True,False
0,slg,Real Estate,REIT—Office,46.44,2.8,16.75,0.0159,0.04190000000000001,114.66,1160000000.0,60.99,50.3,6.39,6.28,3.36,96.39,35.16,-0.1084,0.0275,-0.966,-20.244582835840564,-329.39469969113736,True,True,True,True,True,True,False
0,sna,Industrials,Tools & Accessories,141.75,11.74,12.4,0.1048,0.20420000000000002,34.97,4000000000.0,136.18,137.46,2.5,2.86,1.94,172.61,90.72,0.1,0.1201,0.17,87.87756181344203,61.303974615187244,True,True,True,False,True,True,True
0,snps,Technology,Software—Infrastructure,193.37,3.07,64.18,0.0501,0.1158,18.0,3400000000.0,159.58,192.97,0.95,,,204.9,104.9,0.152,0.11810000000000001,0.14400000000000002,200.45188635469447,-3.532960693701448,True,False,False,False,False,False,False
0,so,Utilities,Utilities—Regulated Electric,54.85,3.33,16.29,0.0305,0.11109999999999999,153.99,21020000000.0,58.61,54.36,0.99,4.52,4.59,71.1,41.96,0.0453,0.039599999999999996,0.048,13.300346247598286,312.3952788815897,True,True,True,True,False,False,False
0,spgi,Financial Services,Financial Data & Stock Exchanges,349.97,9.57,36.71,0.21539999999999998,1.2358,224.49,6910000000.0,295.5,336.54,1.24,0.68,1.06,359.5,186.06,0.084,0.2141,0.076,172.55240944758464,102.81953820315017,True,True,True,False,False,True,True
0,sre,Utilities,Utilities—Diversified,125.62,8.28,14.85,0.0274,0.1109,128.97,10960000000.0,130.42,122.22,0.44,3.14,2.86,161.87,88.0,0.0535,0.0317,0.07,36.1929567494273,247.08410498124817,True,True,True,False,True,False,False
0,ste,Healthcare,Medical Instruments & Supplies,156.35,4.76,33.13,0.0653,0.12369999999999999,37.7,3030000000.0,151.41,154.27,2.4,0.93,1.24,168.98,105.69,0.1,0.1283,0.21100000000000002,95.19554078217313,64.24088640639249,True,True,True,False,False,True,False
0,stt,Financial Services,Asset Management,62.35,6.24,10.07,0.0095,0.0984,,11820000000.0,64.07,63.62,,3.34,2.25,85.89,42.1,0.0183,0.0665,-0.016,5.896915297051133,957.332467216874,True,True,True,False,True,False,False
0,stx,Technology,Computer Hardware,48.04,6.78,7.31,0.09480000000000001,1.0462,232.59,10360000000.0,51.03,49.32,1.49,5.33,5.92,64.17,39.02,0.0913,0.0797,-0.008,26.846105888616677,78.94587840529223,True,True,True,True,False,True,False
0,stz,Consumer Defensive,Beverages—Wineries & Distilleries,179.85,0.29,616.86,0.0611,0.0072,107.0,8210000000.000001,172.13,179.38,1.94,1.67,1.12,212.0,104.28,0.0783,0.1848,0.128,80.97595633232567,122.10296506026413,True,False,True,False,True,True,False
0,swk,Industrials,Tools & Accessories,152.91,6.09,25.87,0.0462,0.109,77.93,14240000000.0,132.15,141.01,1.06,1.79,1.87,173.67,70.0,0.008199999999999999,0.0943,0.221,6.492550897328157,2255.1605896986684,True,True,True,False,False,False,False
0,swks,Technology,Semiconductors,131.61,4.55,30.04,0.1048,0.188,4.3,3230000000.0,111.34,130.4,5.83,1.34,1.4,139.88,67.9,0.1265,0.09820000000000001,0.192,110.02030158607795,19.623376870159426,True,True,True,False,False,True,True
0,syk,Healthcare,Medical Devices,198.83,5.69,34.68,0.0761,0.1745,83.13,14960000000.0,188.71,186.81,2.58,1.1,1.18,226.3,124.54,0.0524,0.11539999999999999,0.384,56.765173358902054,250.26758174925754,True,True,True,False,False,True,False
0,syy,Consumer Defensive,Food Distribution,54.94,2.65,20.34,0.0745,0.6146,558.2,59500000000.0,59.08,54.83,1.49,3.06,2.41,85.98,26.0,0.07400000000000001,0.1833,0.13,22.861962096928245,140.31183223500224,True,True,True,False,True,True,False
0,t,Communication Services,Telecom Services,29.57,1.64,17.83,0.0302,0.068,98.83,175140000000.0,32.54,30.31,0.81,7.0,5.58,39.7,26.08,0.0179,0.08929999999999999,0.025,2.6820111707432606,1002.5308291987958,True,True,True,True,True,False,False
0,tel,Technology,Electronic Components,87.27,2.09,43.12,0.0692,0.0736,52.59,13050000000.0,80.08,82.36,1.44,2.11,2.02,101.0,48.62,0.099,0.1112,0.305,53.750662358823554,62.36078993298955,True,True,True,False,True,True,False
0,tfc,Financial Services,Banks—Regional,37.74,,0.0,0.0097,0.071,,16090000000.0,40.42,38.02,,,2.93,56.92,24.01,-0.091,0.1,0.046,,,True,False,False,False,False,False,False
0,tfx,Healthcare,Medical Instruments & Supplies,387.66,11.7,32.89,0.049,0.1954,81.06,2610000000.0,349.06,366.85,3.6,0.35,0.63,398.65,221.27,0.1195,0.1517,0.355,288.5692295104062,34.33864749118043,True,True,True,False,False,True,False
0,tgt,Consumer Defensive,Discount Stores,123.71,5.4,22.72,0.0629,0.24780000000000002,149.51,80100000000.0,113.11,119.81,1.01,2.12,3.18,130.24,80.03,0.0373,0.10890000000000001,0.37200000000000005,24.37627729117611,407.50161118646855,True,True,True,False,False,False,False
0,tif,Consumer Cyclical,Luxury Goods,121.41,2.89,43.21,0.0473,0.1106,85.15,3980000000.0,127.38,121.43,3.21,1.91,2.06,134.42,78.6,0.0625,0.053399999999999996,0.98,43.7200203747623,177.6988641800469,True,True,True,False,False,True,False
0,tjx,Consumer Cyclical,Apparel Retail,52.89,1.38,37.63,0.0564,0.34130000000000005,348.3,36850000000.0,53.33,52.47,2.2,1.3,1.39,64.95,32.72,0.0443,0.10679999999999999,5.095,12.426496725822998,325.6227733926927,True,True,True,False,False,True,False
0,tmo,Healthcare,Diagnostics & Research,406.38,9.24,44.75,0.0487,0.1265,71.34,26250000000.0,333.93,370.76,2.62,0.2,0.33,420.99,250.21,0.1104,0.1305,0.094,281.32594405363085,44.451661352118066,True,True,True,False,False,True,False
0,tmus,Communication Services,Telecom Services,104.93,4.06,26.01,0.0481,0.1273,152.95,45030000000.0,92.6,105.39,0.64,,,111.58,63.5,0.032,0.4878,0.35700000000000004,17.81033127156168,489.15243293394025,True,True,False,False,False,False,False
0,trow,Financial Services,Asset Management,133.97,8.02,16.72,0.1873,0.255,2.33,5750000000.0,119.3,126.79,2.2,2.37,2.69,139.82,82.51,0.0195,0.1471,0.095,13.44148079217606,896.6907818518066,True,True,True,False,False,True,True
0,trv,Financial Services,Insurance—Property & Casualty,118.28,7.06,16.52,0.0139,0.07,27.45,31380000000.0,114.2,116.28,0.41,2.8,2.27,153.65,76.99,0.0255,-0.0755,0.191,15.472732540533189,664.4415728776249,True,True,True,False,True,False,False
0,tsco,Consumer Cyclical,Specialty Retail,146.53,5.82,24.56,0.096,0.4251,196.24,9310000000.0,104.84,132.69,1.4,0.96,1.3,154.48,63.89,0.1335,0.1255,0.018000000000000002,123.1225536170114,19.011501707315514,True,True,True,False,False,True,False
0,tsn,Consumer Defensive,Farm Products,60.82,5.37,11.36,0.0556,0.1407,86.75,43470000000.0,65.77,60.83,1.61,2.61,1.46,94.24,42.57,0.1405,0.1646,0.305,56.07421150164004,8.463406566530418,True,True,True,False,True,True,False
0,tt,Industrials,Specialty Industrial Machinery,103.76,,0.0,0.0709,0.20350000000000001,104.21,16440000000.000002,102.19,94.01,1.55,,1.88,146.85,70.0,0.021,0.1594,0.35,,,True,False,False,False,False,True,False
0,ttwo,Communication Services,Electronic Gaming & Multimedia,156.02,3.54,44.98,0.057800000000000004,0.1766,6.98,3090000000.0,127.73,144.34,1.71,,,160.26,100.0,0.1332,0.1066,0.42200000000000004,136.7645167829197,14.079297518115519,True,True,False,False,False,True,False
0,txn,Technology,Semiconductors,129.63,5.33,24.8,0.1911,0.626,88.91,13690000000.0,119.45,128.52,3.92,2.68,2.46,137.65,93.09,0.1,0.20329999999999998,0.064,79.79342495155811,62.45699451890583,True,True,True,False,True,True,True
0,tyl,Technology,Software—Application,357.19,4.12,87.18,0.0475,0.10859999999999999,1.28,1120000000.0,327.54,350.45,1.6,,,382.92,228.54,0.1,0.203,0.083,216.82147645388673,64.73921580179196,True,False,False,False,False,True,False
0,ua,Consumer Cyclical,Apparel Manufacturing,9.83,-1.15,0.0,0.0116,-0.2889,144.29,4990000000.0,10.83,8.94,1.7,,,24.45,6.37,,,,,,True,False,False,False,False,True,False
0,uhs,Healthcare,Medical Care Facilities,108.08,8.2,13.34,0.06480000000000001,0.133,75.55,11400000000.0,110.02,96.75,1.09,0.65,0.36,157.06,65.2,0.11349999999999999,0.102,0.5670000000000001,76.9871946437785,40.3869831860852,True,True,True,False,True,False,False
0,ulta,Consumer Cyclical,Specialty Retail,203.71,7.57,26.25,0.0706,0.23550000000000001,159.0,6830000000.0,227.44,209.28,2.49,,,355.36,124.05,0.042199999999999994,0.2807,1.579,45.107309899464894,351.6119459440799,True,True,False,False,False,True,False
0,unm,Financial Services,Insurance—Life,18.13,4.73,3.83,0.0139,0.10400000000000001,33.81,11880000000.0,19.19,17.0,7.16,6.29,2.73,33.2,9.58,0.09,0.1075,0.038,9.648082621228145,87.91298449403364,True,True,True,True,True,True,False
0,unp,Industrials,Railroads,176.12,8.06,21.95,0.0818,0.3214,180.82,20200000000.0,163.39,171.18,0.96,2.2,2.2,188.96,105.08,0.0683,0.1092,0.175,68.47563961199306,157.20095642473376,True,True,True,False,False,False,False
0,ups,Industrials,Integrated Freight & Logistics,118.35,4.94,24.5,0.0583,1.2633,955.12,74970000000.0,103.01,112.0,1.22,3.29,3.13,125.31,82.0,0.045899999999999996,0.0908,0.281,30.104108970254185,293.1357015646649,True,True,True,False,True,True,False
0,uri,Industrials,Rental & Leasing Services,160.88,15.37,10.63,0.0747,0.3344,338.49,9360000000.0,131.43,152.57,1.11,,,170.04,58.85,0.071,0.2418,0.23600000000000002,66.09233954222078,143.41701491324486,True,True,False,False,False,False,False
0,usb,Financial Services,Banks—Regional,36.92,3.2,11.31,0.0103,0.09970000000000001,,19370000000.0,40.59,37.37,,4.55,2.56,61.11,28.36,0.0223,0.0818,0.184,4.172062784104321,784.9339501952429,True,True,True,True,True,False,False
0,v,Financial Services,Credit Services,195.15,5.56,35.44,0.1402,0.3625,53.43,23890000000.0,186.52,194.47,1.25,0.59,0.63,214.17,133.93,0.1058,0.2193,0.16899999999999998,127.30800382335562,53.289655119231604,True,True,True,False,False,True,True
0,var,Healthcare,Medical Instruments & Supplies,127.16,2.52,52.82,0.0786,0.1285,35.15,3330000000.0,123.12,121.98,1.28,,,150.06,89.62,0.099,0.022099999999999998,0.387,79.3885225630322,60.17428703127536,True,False,False,False,False,True,False
0,vfc,Consumer Cyclical,Apparel Manufacturing,59.9,1.7,35.86,0.07490000000000001,0.16440000000000002,155.22,10490000000.0,65.93,61.36,1.66,3.17,2.39,100.25,45.07,0.06,-0.0040999999999999995,1.306,20.38736453994028,193.80943222284418,True,True,True,False,True,True,False
0,vlo,Energy,Oil & Gas Refining & Marketing,57.98,1.03,56.39,0.016200000000000003,0.0416,64.67,100530000000.0,63.82,59.23,1.31,6.35,3.7,101.99,31.0,0.0483,-0.0867,3.036,15.275270034032207,279.5677580221149,True,False,True,True,True,True,False
0,vmc,Basic Materials,Building Materials,127.28,4.61,27.8,0.0529,0.11449999999999999,57.55,4980000000.0,118.23,119.98,2.68,1.0,0.77,152.49,65.56,0.0776,0.19519999999999998,0.09300000000000001,57.41308439979755,121.69162540316125,True,True,True,False,True,True,False
0,vno,Real Estate,REIT—Office,35.01,15.29,2.27,0.016,0.43479999999999996,108.5,1930000000.0,45.72,38.24,7.07,7.54,3.52,68.68,27.64,0.17329999999999998,-0.23920000000000002,0.067,41.99017538289587,-16.62335372321201,True,True,True,True,True,True,False
0,vrsk,Industrials,Consulting Services,179.78,2.93,62.57,0.0812,0.22920000000000001,160.24,2670000000.0,159.84,171.17,0.51,0.57,,183.92,116.61,0.0859,0.1093,0.094,92.43088802854916,94.5020802401804,True,False,True,False,False,False,False
0,vrsn,Technology,Software—Infrastructure,208.53,6.74,31.14,0.2753,,,1250000000.0,202.68,206.67,1.23,,,221.3,148.77,0.08,0.1589,-0.139,97.3980978800931,114.10069040231309,True,True,False,False,False,True,True
0,vrtx,Healthcare,Biotechnology,278.49,5.78,49.19,0.1334,0.2702,8.25,4820000000.0,256.55,286.32,3.54,,,306.08,165.23,0.2847,0.958,0.23199999999999998,702.6788937318992,-60.36738793719121,True,True,False,False,False,True,True
0,vtr,Real Estate,REIT—Healthcare Facilities,35.77,2.09,17.05,0.021,0.0737,132.15,3910000000.0,40.02,37.1,3.04,8.86,5.21,75.4,13.35,-0.005,0.0092,-0.395,-0.8720937743654951,-4201.623134051726,True,True,True,True,True,True,False
0,wab,Industrials,Railroads,61.87,2.27,27.37,0.0325,0.0451,51.22,8539999999.999999,61.59,60.52,1.42,0.78,0.54,81.75,35.07,0.073,-0.0003,0.179,25.944308071851516,138.4723455667193,True,True,True,False,True,True,False
0,wat,Healthcare,Diagnostics & Research,223.05,8.17,27.84,0.1442,1.7046999999999999,,2360000000.0,199.34,195.68,2.41,,,245.68,154.39,0.084,0.0911,0.127,111.71615840612301,99.65777841119798,True,True,False,False,False,True,True
0,wba,Healthcare,Pharmaceutical Retailers,40.51,0.85,46.93,0.026699999999999998,0.0327,195.97,138750000000.0,45.43,41.79,0.69,4.52,2.38,64.5,36.65,0.0195,0.1336,0.134,3.9985815182460946,913.109269253287,True,True,True,True,True,False,False
0,well,Real Estate,REIT—Healthcare Facilities,51.42,3.08,16.54,0.0239,0.08039999999999999,82.48,5110000000.0,59.32,52.35,2.73,6.26,5.04,93.17,24.27,0.13,-0.054900000000000004,-0.212,42.434408294661715,21.175249205651546,True,True,True,True,True,True,False
0,wfc,Financial Services,Banks—Diversified,26.26,0.93,27.47,0.003,0.0311,,62630000000.0,33.02,26.59,,7.77,3.38,54.75,22.0,,,,,,True,True,True,True,True,False,False
0,whr,Consumer Cyclical,"Furnishings, Fixtures & Appliances",157.95,13.13,12.62,0.0375,0.21710000000000002,194.57,18840000000.0,124.09,133.93,0.98,3.04,2.85,166.06,64.0,0.002,0.06309999999999999,0.221,1.6449651160553493,9502.027329233973,True,True,True,False,True,False,False
0,wmt,Consumer Defensive,Discount Stores,131.24,5.26,24.95,0.060599999999999994,0.20629999999999998,103.34,534659999999.99994,120.63,124.13,0.77,1.62,2.41,134.13,102.0,0.056299999999999996,0.0053,0.08800000000000001,40.87960815311325,221.04025926189124,True,True,True,False,False,False,False
0,wrk,Consumer Cyclical,Packaging & Containers,30.21,3.28,9.22,0.030299999999999997,0.0738,100.84,18210000000.0,31.38,28.69,1.75,6.09,3.61,44.39,21.5,,,,,,True,True,True,True,True,True,False
0,wst,Healthcare,Medical Instruments & Supplies,262.66,3.79,70.46,0.0934,0.1873,20.49,1950000000.0,184.38,227.42,2.96,0.24,0.56,273.78,124.53,0.15,0.1438,0.141,267.04339999999996,-1.6414560329893746,True,False,True,False,False,True,False
0,wy,Real Estate,REIT—Specialty,26.11,0.49,56.43,0.0241,0.043,92.28,6640000000.0,23.15,23.35,1.37,5.21,4.38,31.58,13.1,0.05,-0.1142,1.161,7.553591050361487,245.6634046762496,True,False,True,True,True,True,False
0,xel,Utilities,Utilities—Regulated Electric,67.88,2.59,26.08,0.0259,0.10550000000000001,159.34,11200000000.0,64.28,64.68,0.51,2.42,3.01,72.14,46.58,0.061,0.056799999999999996,0.07200000000000001,23.012027994415398,194.97617513968453,True,True,True,False,False,False,False
0,xlnx,Technology,Semiconductors,102.66,3.11,34.34,0.1047,0.3063,56.58,3160000000.0,88.98,96.76,2.68,1.44,2.01,122.16,67.68,0.0745,0.1281,0.249,45.64940054857244,124.88794763200985,True,True,True,False,False,True,True
0,xom,Energy,Oil & Gas Integrated,43.43,2.66,16.54,0.0152,0.06,31.58,249070000000.0,48.44,45.36,0.78,8.01,4.24,75.66,30.11,,,,,,True,True,True,True,True,False,False
0,xray,Healthcare,Medical Instruments & Supplies,43.24,0.38,115.25,0.039900000000000005,0.0171,33.92,3960000000.0,45.83,44.11,2.03,0.9,0.64,60.87,31.58,0.0998,-0.0416,0.612,26.373657924608445,63.95147053019936,True,False,True,False,True,True,False
0,xyl,Industrials,Specialty Industrial Machinery,74.25,1.99,37.82,0.0525,0.12789999999999999,90.25,5140000000.0,71.84,68.04,1.55,1.32,1.25,89.34,54.62,0.12,0.1213,0.368,56.73090378137235,30.881045516465157,True,True,True,False,True,True,False
0,yum,Consumer Cyclical,Restaurants,93.14,3.59,25.99,0.21850000000000003,,,5610000000.0,88.84,89.53,1.33,1.91,1.91,119.72,54.95,0.0501,-0.0003,0.28800000000000003,25.54480208917406,264.61429481762525,True,True,True,False,False,True,True
0,zbh,Healthcare,Medical Devices,134.11,1.82,73.92,0.0326,0.0321,81.41,7790000000.0,125.85,125.4,1.69,0.72,0.8,161.11,74.37,0.0489,0.0355,0.919,35.8645357481826,273.9348557071338,True,False,True,False,False,True,False
0,zbra,Technology,Communication Equipment,269.98,9.5,28.76,0.09820000000000001,0.32439999999999997,89.17,4470000000.0,233.03,262.43,0.85,,,279.99,150.06,0.1,0.2817,0.254,164.93039675955262,63.69329444686673,True,True,False,False,False,False,False
0,zion,Financial Services,Banks—Regional,33.63,2.57,12.63,0.0066,0.0639,,2370000000.0,35.37,34.1,,4.04,1.6,52.48,23.58,-0.324,0.3018,0.515,-27.563894803958686,-222.0074312399789,True,True,True,True,True,False,False
0,zts,Healthcare,Drug Manufacturers—Specialty & Generic,144.22,3.34,43.99,0.12480000000000001,0.6355,242.97,6340000000.0,132.24,138.58,2.77,0.48,0.63,147.09,90.14,0.0701,0.20120000000000002,0.19399999999999998,58.57660503076284,146.207508824145,True,True,True,False,False,True,True
